method,dataset,session,condition,alpha1_strength,events,K,M,T,empirical_nu_base,mean_events_per_actor_mark_per_sec,ring_size,hub_actor,true_ring,n_injected_events,hawkes_sampler_used,seed,heldout_frac,heldout_split_t,train_events,test_events,heldout_loglik,heldout_nll_per_event,heldout_metric_type,field_auc,precision,recall,f1,hub_correct,loglik_final,beta0_hat,beta1_hat,beta_gap_hat,eta_on_hat,eta_off_hat,active_mean,gate_gini,gate_effective_support,proposed_lr,proposed_lambda_g,proposed_lambda_h,proposed_lambda_e,proposed_lambda_0,proposed_n_inner_steps,proposed_stability_target,proposed_eta_prior_weight_s,proposed_eta_prior_weight_pi,proposed_eta_off_floor,proposed_eta_pi1_target,proposed_eta_beta_prior_kappa,proposed_eta_beta_prior_target,proposed_eta_gamma_prior_shape,proposed_eta_gamma_prior_rate,proposed_eta_gamma_prior_weight,proposed_pi1_init,g0_hat,h0_hat,sender0_score,receiver0_score,member0_score,g1_hat,h1_hat,sender1_score,receiver1_score,member1_score,g2_hat,h2_hat,sender2_score,receiver2_score,member2_score,g3_hat,h3_hat,sender3_score,receiver3_score,member3_score,g4_hat,h4_hat,sender4_score,receiver4_score,member4_score,g5_hat,h5_hat,sender5_score,receiver5_score,member5_score,g6_hat,h6_hat,sender6_score,receiver6_score,member6_score,g7_hat,h7_hat,sender7_score,receiver7_score,member7_score,g8_hat,h8_hat,sender8_score,receiver8_score,member8_score,g9_hat,h9_hat,sender9_score,receiver9_score,member9_score,g10_hat,h10_hat,sender10_score,receiver10_score,member10_score,g11_hat,h11_hat,sender11_score,receiver11_score,member11_score,g12_hat,h12_hat,sender12_score,receiver12_score,member12_score,g13_hat,h13_hat,sender13_score,receiver13_score,member13_score,g14_hat,h14_hat,sender14_score,receiver14_score,member14_score,g15_hat,h15_hat,sender15_score,receiver15_score,member15_score,g16_hat,h16_hat,sender16_score,receiver16_score,member16_score,g17_hat,h17_hat,sender17_score,receiver17_score,member17_score,g18_hat,h18_hat,sender18_score,receiver18_score,member18_score,g19_hat,h19_hat,sender19_score,receiver19_score,member19_score,b2_lambda0,b2_lambda1,b2_p00,b2_p11
Proposed,hc-11,Achilles_10252013_5k,real_5k,,5000,20,1,35.9518,6.953754749414495,6.953754749414495,4,0,"[0, 1, 2, 3]",0,False,2,0.2,28.76144,3838,1162,1654.1453440460646,-1.4235329983184721,latent_ctmc_marginal_interval_loglik,,,,,,5299.679957433308,11.34366665425902,20.0,8.65633334574098,4.489208201491756,0.002240539902730066,1.0,0.1475381118435044,18.70154715206869,0.0025,0.05,0.05,0.05,0.1,3.0,0.5,0.0,0.0,0.0,,0.0,0.5,2.0,1.0,0.0,0.15,0.44022180497131597,0.24511291610617564,1.0705029965446384,0.5019404250671924,1.0,0.2708433240764033,0.2683467678927327,0.6542459661649139,0.5810228545955693,1.0,0.19654077412352353,0.24280350221024363,0.47823874987184345,0.5382298561523406,0.92634885511859,0.23244943260836812,0.24981329606470976,0.5644929118310968,0.5475429369810081,0.94237762361712,0.29338679674807117,0.15857545531046535,0.7310248787909415,0.3408668008995671,0.6828798061757305,0.1468506989090146,0.20312506218076262,0.3613743577405538,0.45725947426863567,0.7869905127689318,0.18976919297866413,0.21968744844351654,0.46480441343499196,0.4880211390203988,0.8399344968281739,0.17881552206782447,0.22056735816656037,0.43786538605659686,0.49164147721676493,0.8461654706491368,0.2559630043736695,0.16350577654737725,0.6369015622232936,0.3557135633173384,0.6122195719218976,0.1895532212964995,0.22964460943775333,0.46296965577246524,0.5101653375864039,0.8780469366244001,0.1531272452938879,0.2038964739101144,0.3767414143895438,0.45811284635034405,0.7884592537572745,0.11978078606166917,0.18229051146173184,0.29648566594047515,0.41379072242329196,0.7121763268870343,0.12109777457637508,0.17118317210985093,0.3006775621509428,0.3884066280606813,0.6684876937087755,0.1401127724928972,0.1936652112417141,0.3457097560564811,0.4368749548708552,0.7519066615287436,0.16984136198495814,0.21680051021400157,0.41632305930833063,0.4845920429416016,0.8340326703308598,0.07410356600412212,0.1315105587324422,0.18603079625948463,0.30268264958838076,0.5209479234669143,0.09966017524125413,0.17025567125731084,0.24751167222717152,0.3888389603302874,0.6692317819424595,0.03697386536323675,0.09073061018780394,0.09386556666416009,0.21116137677886687,0.36343041432655737,0.0410451601330758,0.10369732079338777,0.1038330071267278,0.2410425291697567,0.414858946189885,0.04442559280477807,0.08808893756989558,0.11286458187651549,0.20455738481188307,0.3520642659646644,,,,
B1_static_gates,hc-11,Achilles_10252013_5k,real_5k,,5000,20,1,35.9518,6.953754749414495,6.953754749414495,4,0,"[0, 1, 2, 3]",0,False,2,0.2,28.76144,3838,1162,1561.3117075352081,-1.3436417448667883,single_regime_static_marked_hawkes_loglik_from_static_gates,,,,,,4806.761948209371,,,,,,,,,,,,,,,,,,,,,,,,,,,,,,,,,,,,,,,,,,,,,,,,,,,,,,,,,,,,,,,,,,,,,,,,,,,,,,,,,,,,,,,,,,,,,,,,,,,,,,,,,,,,,,,,,,,,,,,,,,,,,,,,,
B2_modular_hmm_hawkes,hc-11,Achilles_10252013_5k,real_5k,,5000,20,1,35.9518,6.953754749414495,6.953754749414495,4,0,"[0, 1, 2, 3]",0,False,2,0.2,28.76144,3838,1162,-34.3990923865405,0.029603349730241396,modular_hmm_interval_count_loglik_segmentation_stage,,,,,,,,,,,,0.5828381756341433,,,,,,,,,,,,,,,,,,,,,,,,,,,,,,,,,,,,,,,,,,,,,,,,,,,,,,,,,,,,,,,,,,,,,,,,,,,,,,,,,,,,,,,,,,,,,,,,,,,,,,,,,,,,,,,,,,,,,,,,231.36363636363637,323.25,0.5833333333333334,0.16666666666666666
B3_static_svd,hc-11,Achilles_10252013_5k,real_5k,,5000,20,1,35.9518,6.953754749414495,6.953754749414495,4,0,"[0, 1, 2, 3]",0,False,2,0.2,28.76144,3838,1162,1282.662483479619,-1.1038403472285878,single_regime_full_matrix_marked_hawkes_loglik_before_svd_selection,,,,,,,,,,,,,,,,,,,,,,,,,,,,,,,,,,,,,,,,,,,,,,,,,,,,,,,,,,,,,,,,,,,,,,,,,,,,,,,,,,,,,,,,,,,,,,,,,,,,,,,,,,,,,,,,,,,,,,,,,,,,,,,,,,,,,,,
Proposed,hc-11,Achilles_10252013_5k,real_5k,,5000,20,1,35.9518,6.953754749414495,6.953754749414495,4,0,"[0, 1, 2, 3]",0,False,4,0.2,28.76144,3838,1162,1698.317032802752,-1.4615464998302512,latent_ctmc_marginal_interval_loglik,,,,,,5234.625365880409,11.76317409302685,20.0,8.23682590697315,4.225433582745944,0.00229705179938894,1.0,0.14809702786651036,18.69653756604965,0.0025,0.05,0.05,0.05,0.1,3.0,0.5,0.0,0.0,0.0,,0.0,0.5,2.0,1.0,0.0,0.15,0.5343996383298905,0.2934505656158235,1.5759662791719369,0.7280036167060524,1.0,0.3281460106583064,0.3265029542731838,0.9602115114378651,0.8566755829167734,1.0,0.23816946682356743,0.29586972893489105,0.7019783391999314,0.7947502030767046,0.9277143167437693,0.28182601302554244,0.300758406130696,0.8296994685702576,0.7987897291706383,0.9324296677756967,0.354745291810699,0.1871273483850838,1.0723250370157054,0.4875333873046775,0.6804238461111867,0.17804887957552987,0.24673849130089337,0.5308507766531775,0.6730596381818738,0.7856645521403427,0.23016836759486983,0.2681476241735981,0.6828161309703755,0.7217738072100713,0.842528749042439,0.216434226534194,0.27010383939403404,0.6417837178976806,0.7296171149032493,0.8516842658443461,0.309488434123005,0.19374355126161252,0.9340924886497055,0.510839557228614,0.5963045608109067,0.2297495888540464,0.27877907295831905,0.6798890829857578,0.7504729277756054,0.876029319314117,0.18574582553668492,0.24806219786339895,0.5536393033558522,0.6753550348507387,0.7883439756171384,0.1451443108487713,0.22139959830117864,0.43529011539929485,0.608993248219323,0.7108796612900394,0.14698413644709632,0.20795312245637612,0.44218328257452083,0.5717399096127983,0.6673937264164365,0.169798722278615,0.23515807323578183,0.5076123672047902,0.642816733572815,0.7503619180835986,0.20585387405471584,0.26316348913488635,0.611405674410899,0.7127948124482547,0.832047541289038,0.08981648922490629,0.15993708836336945,0.2731879777128977,0.44606686785043903,0.5206952045156804,0.12073206909926329,0.20683160105169582,0.36329691660172825,0.5724194887648474,0.6681870012168403,0.044783016258697975,0.11057804635705659,0.13774602960843346,0.3118530511513971,0.3640270101893331,0.04965438652056574,0.1263240720200235,0.15218572377246098,0.35583134115296733,0.415363001174199,0.05379380020314192,0.10744722199652638,0.16557810759314648,0.302352278688577,0.35293672974679696,,,,
B1_static_gates,hc-11,Achilles_10252013_5k,real_5k,,5000,20,1,35.9518,6.953754749414495,6.953754749414495,4,0,"[0, 1, 2, 3]",0,False,4,0.2,28.76144,3838,1162,1561.3112539779863,-1.3436413545421568,single_regime_static_marked_hawkes_loglik_from_static_gates,,,,,,4806.7610291167175,,,,,,,,,,,,,,,,,,,,,,,,,,,,,,,,,,,,,,,,,,,,,,,,,,,,,,,,,,,,,,,,,,,,,,,,,,,,,,,,,,,,,,,,,,,,,,,,,,,,,,,,,,,,,,,,,,,,,,,,,,,,,,,,,
B2_modular_hmm_hawkes,hc-11,Achilles_10252013_5k,real_5k,,5000,20,1,35.9518,6.953754749414495,6.953754749414495,4,0,"[0, 1, 2, 3]",0,False,4,0.2,28.76144,3838,1162,-34.3990923865405,0.029603349730241396,modular_hmm_interval_count_loglik_segmentation_stage,,,,,,,,,,,,0.5828381756341433,,,,,,,,,,,,,,,,,,,,,,,,,,,,,,,,,,,,,,,,,,,,,,,,,,,,,,,,,,,,,,,,,,,,,,,,,,,,,,,,,,,,,,,,,,,,,,,,,,,,,,,,,,,,,,,,,,,,,,,,231.36363636363637,323.25,0.5833333333333334,0.16666666666666666
B3_static_svd,hc-11,Achilles_10252013_5k,real_5k,,5000,20,1,35.9518,6.953754749414495,6.953754749414495,4,0,"[0, 1, 2, 3]",0,False,4,0.2,28.76144,3838,1162,1282.662483479619,-1.1038403472285878,single_regime_full_matrix_marked_hawkes_loglik_before_svd_selection,,,,,,,,,,,,,,,,,,,,,,,,,,,,,,,,,,,,,,,,,,,,,,,,,,,,,,,,,,,,,,,,,,,,,,,,,,,,,,,,,,,,,,,,,,,,,,,,,,,,,,,,,,,,,,,,,,,,,,,,,,,,,,,,,,,,,,,
Proposed,hc-11,Achilles_10252013_5k,real_5k,,5000,20,1,35.9518,6.953754749414495,6.953754749414495,4,0,"[0, 1, 2, 3]",0,False,6,0.2,28.76144,3838,1162,1654.1501243034995,-1.4235371121372629,latent_ctmc_marginal_interval_loglik,,,,,,5299.673049830541,11.343504039805202,20.0,8.656495960194798,4.479736699449944,0.002236002729895307,1.0,0.1475475998607494,18.701416457859892,0.0025,0.05,0.05,0.05,0.1,3.0,0.5,0.0,0.0,0.0,,0.0,0.5,2.0,1.0,0.0,0.15,0.4402313298311891,0.2451146607922317,1.0705420502764427,0.501947647057189,1.0,0.2708440025587374,0.26835847477491775,0.6542612087564489,0.5810560662648976,1.0,0.1965368510477014,0.24281176798451262,0.47822420096501467,0.53825851913948,0.9263452365267852,0.23246506969162142,0.2497997859196867,0.5645416850343549,0.5475199200502275,0.9422841475001807,0.2933756232785036,0.1585734979384591,0.7310068559714669,0.3408681607871452,0.6828380592641843,0.14685205948907282,0.20312717132187444,0.3613772497354414,0.4572724978362823,0.7869679440328163,0.18976988441028483,0.21969670500286687,0.46481009438553716,0.48804557850253893,0.8399285487883434,0.1788117786672021,0.22057400591688775,0.43785906889111637,0.4916673447837649,0.8461616242030915,0.2559548201734736,0.16349211458133225,0.6368882910513024,0.35568000886506307,0.6121268316694798,0.1895580570729625,0.2296448377599596,0.4629817202526568,0.5101745888247359,0.8780126711423961,0.15313088962644147,0.20390146362559744,0.37674590274144004,0.4581280748395257,0.7884403957511903,0.11978565762057655,0.1822922092530271,0.29649498376807343,0.41378691244980487,0.712129063740234,0.12110582778583286,0.17118361800695797,0.30069099908436625,0.38841368208128396,0.6684616246725666,0.1401151179104286,0.1936658538926619,0.3457105048809135,0.43688473159940866,0.7518805102711678,0.16984417921350262,0.2168011453102123,0.41634453220179846,0.48460444226182636,0.8340063384535772,0.07410423985831636,0.13151099330619678,0.18603306892931437,0.3026844256834744,0.520921204091661,0.09965932199878585,0.1702561944556014,0.24751299023457454,0.3888425038728197,0.6691996288281592,0.036978351841147415,0.0907308483975824,0.09387571746821961,0.21116233248385163,0.3634112863518146,0.04104484098946899,0.1036979149727458,0.1038322227776724,0.2410460064925251,0.41484121840771676,0.04442623974746408,0.08808898976292226,0.11286600488409679,0.20455590841440707,0.352041601990869,,,,
B1_static_gates,hc-11,Achilles_10252013_5k,real_5k,,5000,20,1,35.9518,6.953754749414495,6.953754749414495,4,0,"[0, 1, 2, 3]",0,False,6,0.2,28.76144,3838,1162,1561.3126254444733,-1.3436425348059151,single_regime_static_marked_hawkes_loglik_from_static_gates,,,,,,4806.7624983969,,,,,,,,,,,,,,,,,,,,,,,,,,,,,,,,,,,,,,,,,,,,,,,,,,,,,,,,,,,,,,,,,,,,,,,,,,,,,,,,,,,,,,,,,,,,,,,,,,,,,,,,,,,,,,,,,,,,,,,,,,,,,,,,,
B2_modular_hmm_hawkes,hc-11,Achilles_10252013_5k,real_5k,,5000,20,1,35.9518,6.953754749414495,6.953754749414495,4,0,"[0, 1, 2, 3]",0,False,6,0.2,28.76144,3838,1162,-34.3990923865405,0.029603349730241396,modular_hmm_interval_count_loglik_segmentation_stage,,,,,,,,,,,,0.5828381756341433,,,,,,,,,,,,,,,,,,,,,,,,,,,,,,,,,,,,,,,,,,,,,,,,,,,,,,,,,,,,,,,,,,,,,,,,,,,,,,,,,,,,,,,,,,,,,,,,,,,,,,,,,,,,,,,,,,,,,,,,231.36363636363637,323.25,0.5833333333333334,0.16666666666666666
B3_static_svd,hc-11,Achilles_10252013_5k,real_5k,,5000,20,1,35.9518,6.953754749414495,6.953754749414495,4,0,"[0, 1, 2, 3]",0,False,6,0.2,28.76144,3838,1162,1282.662483479619,-1.1038403472285878,single_regime_full_matrix_marked_hawkes_loglik_before_svd_selection,,,,,,,,,,,,,,,,,,,,,,,,,,,,,,,,,,,,,,,,,,,,,,,,,,,,,,,,,,,,,,,,,,,,,,,,,,,,,,,,,,,,,,,,,,,,,,,,,,,,,,,,,,,,,,,,,,,,,,,,,,,,,,,,,,,,,,,
Proposed,hc-11,Achilles_10252013_5k,real_5k,,5000,20,1,35.9518,6.953754749414495,6.953754749414495,4,0,"[0, 1, 2, 3]",0,False,11,0.2,28.76144,3838,1162,1654.1439964280296,-1.4235318385783386,latent_ctmc_marginal_interval_loglik,,,,,,5299.698445629888,11.343704985468875,20.0,8.656295014531125,4.393815561635594,0.002193040676814259,1.0,0.147534652008674,18.701580557270542,0.0025,0.05,0.05,0.05,0.1,3.0,0.5,0.0,0.0,0.0,,0.0,0.5,2.0,1.0,0.0,0.15,0.4401856081926447,0.2451300631039239,1.0703681587009775,0.5019901068189124,1.0,0.2708374469284345,0.26834060340425164,0.6542284902613739,0.5810384774262096,1.0,0.1965415938202531,0.24280017851852523,0.4782351892434296,0.5382104305196836,0.9262905150511912,0.23246606732932756,0.24979778614598236,0.5645425323126552,0.5475113544356338,0.9422979298391927,0.2933904064573597,0.15857734930792886,0.731030288678176,0.3408752181482174,0.682970885050776,0.1468546312154069,0.2031246633875732,0.36138404842623745,0.4572642455951201,0.7869775640687952,0.18979180869077314,0.21968201605283458,0.4648728887686231,0.48801395238453277,0.8398995442543807,0.1788070568945712,0.22055894372203194,0.43784362612109395,0.4916275338376585,0.8461187218020237,0.25596250822438255,0.16350262978891505,0.6368764327541359,0.3556962266905417,0.6121732733882743,0.18955232157727425,0.22964320422191095,0.4629563086544221,0.5101660260658316,0.8780245128096897,0.1531207831114704,0.20389796593606835,0.37672397041783795,0.4581179514058852,0.7884468399324982,0.11978172740836734,0.1822904513420305,0.29648547736908953,0.41379961918563235,0.7121724898815911,0.12110767274394113,0.17118270420231824,0.300704305495224,0.38841765746246393,0.6684887017861773,0.14011819241100562,0.19366562111543925,0.3457244514466622,0.4368737839200296,0.7518844291607374,0.16985645074335834,0.21680061458651503,0.4163807941300199,0.4845853782520856,0.8339987747431523,0.07410684707509516,0.1315104259590596,0.18604049523442584,0.3026817830545539,0.5209324249838406,0.09965786051541192,0.17025489469083163,0.24750687312675557,0.38883821776668787,0.6692125097964262,0.03697855525270781,0.09073117225631486,0.0938763829755001,0.2111565620317386,0.3634123560406633,0.0410436600016289,0.10369721632840599,0.10382764726360214,0.24104394948114957,0.4148502359927816,0.04442388581286781,0.08808838720185011,0.11285742434073212,0.20455731123840581,0.3520546731165219,,,,
B1_static_gates,hc-11,Achilles_10252013_5k,real_5k,,5000,20,1,35.9518,6.953754749414495,6.953754749414495,4,0,"[0, 1, 2, 3]",0,False,11,0.2,28.76144,3838,1162,1561.3134658185472,-1.3436432580194038,single_regime_static_marked_hawkes_loglik_from_static_gates,,,,,,4806.7703306698595,,,,,,,,,,,,,,,,,,,,,,,,,,,,,,,,,,,,,,,,,,,,,,,,,,,,,,,,,,,,,,,,,,,,,,,,,,,,,,,,,,,,,,,,,,,,,,,,,,,,,,,,,,,,,,,,,,,,,,,,,,,,,,,,,
B2_modular_hmm_hawkes,hc-11,Achilles_10252013_5k,real_5k,,5000,20,1,35.9518,6.953754749414495,6.953754749414495,4,0,"[0, 1, 2, 3]",0,False,11,0.2,28.76144,3838,1162,-34.3990923865405,0.029603349730241396,modular_hmm_interval_count_loglik_segmentation_stage,,,,,,,,,,,,0.5828381756341433,,,,,,,,,,,,,,,,,,,,,,,,,,,,,,,,,,,,,,,,,,,,,,,,,,,,,,,,,,,,,,,,,,,,,,,,,,,,,,,,,,,,,,,,,,,,,,,,,,,,,,,,,,,,,,,,,,,,,,,,231.36363636363637,323.25,0.5833333333333334,0.16666666666666666
B3_static_svd,hc-11,Achilles_10252013_5k,real_5k,,5000,20,1,35.9518,6.953754749414495,6.953754749414495,4,0,"[0, 1, 2, 3]",0,False,11,0.2,28.76144,3838,1162,1282.662483479619,-1.1038403472285878,single_regime_full_matrix_marked_hawkes_loglik_before_svd_selection,,,,,,,,,,,,,,,,,,,,,,,,,,,,,,,,,,,,,,,,,,,,,,,,,,,,,,,,,,,,,,,,,,,,,,,,,,,,,,,,,,,,,,,,,,,,,,,,,,,,,,,,,,,,,,,,,,,,,,,,,,,,,,,,,,,,,,,
Proposed,hc-11,Achilles_10252013_5k,real_5k,,5000,20,1,35.9518,6.953754749414495,6.953754749414495,4,0,"[0, 1, 2, 3]",0,False,12,0.2,28.76144,3838,1162,1698.3156885441058,-1.4615453429811582,latent_ctmc_marginal_interval_loglik,,,,,,5234.613082757143,11.763305550568862,20.0,8.236694449431138,4.221606040504582,0.0022952307528576418,1.0,0.14809525110607646,18.696558861396667,0.0025,0.05,0.05,0.05,0.1,3.0,0.5,0.0,0.0,0.0,,0.0,0.5,2.0,1.0,0.0,0.15,0.5343926754344535,0.2934505586184828,1.5759574111483774,0.7279771548499383,1.0,0.3281391286226887,0.3265095581905721,0.9601803245152065,0.8566898928342602,1.0,0.2381733523878703,0.29586717405406293,0.7019914245373342,0.794742892308922,0.9276902867146084,0.2818358846301961,0.3007499998546859,0.8297327417174755,0.7987468711615027,0.9323640652733047,0.35474912710865314,0.18712902714486696,1.0723239319828493,0.4875428336815709,0.6804269737222545,0.17804604147215547,0.24673730941173477,0.5308349349286509,0.6730571152093581,0.7856484835867805,0.2301716604638015,0.26814045514340185,0.682832383556355,0.7217410742690652,0.8424764670460482,0.2164267209735748,0.27010210286556224,0.6417603776434163,0.7296041247058346,0.8516548762960457,0.309492779985414,0.19374717146134485,0.9341047919886845,0.5108591985110624,0.5963175272454113,0.2297470539809744,0.2787779904481617,0.6798765203382627,0.7504774120852464,0.8760199208168291,0.18574465954209718,0.24805951573270002,0.5536192736510547,0.6753378513631979,0.7883107493295154,0.14514546775313603,0.22139817675066217,0.43529424196647926,0.6089965852373794,0.7108716821936396,0.14697571169819296,0.2079525272878084,0.44215131583714645,0.5717413247001428,0.6673842302593325,0.1697973663625083,0.23515725632649626,0.5076000357119489,0.6428030599196471,0.7503334232098934,0.20585153804762402,0.26316288306391655,0.6113925849760877,0.712788483231866,0.8320262550007298,0.08981175018577763,0.15993697762210676,0.27317322616686474,0.44606126545262403,0.5206799673763881,0.1207277311995213,0.20683100570274315,0.3632828401689746,0.5724078550426007,0.6681622601485994,0.044782168135670604,0.11057818850738171,0.13774253017749358,0.3118505295060895,0.3640179861050628,0.049653581438329916,0.12632508097286452,0.15218390836391207,0.3558342596061846,0.41535946972474225,0.05379326413914642,0.1074469401250327,0.16557492842634083,0.3023499441264216,0.3529281092906693,,,,
B1_static_gates,hc-11,Achilles_10252013_5k,real_5k,,5000,20,1,35.9518,6.953754749414495,6.953754749414495,4,0,"[0, 1, 2, 3]",0,False,12,0.2,28.76144,3838,1162,1561.3092947385885,-1.343639668449732,single_regime_static_marked_hawkes_loglik_from_static_gates,,,,,,4806.757110117157,,,,,,,,,,,,,,,,,,,,,,,,,,,,,,,,,,,,,,,,,,,,,,,,,,,,,,,,,,,,,,,,,,,,,,,,,,,,,,,,,,,,,,,,,,,,,,,,,,,,,,,,,,,,,,,,,,,,,,,,,,,,,,,,,
B2_modular_hmm_hawkes,hc-11,Achilles_10252013_5k,real_5k,,5000,20,1,35.9518,6.953754749414495,6.953754749414495,4,0,"[0, 1, 2, 3]",0,False,12,0.2,28.76144,3838,1162,-34.3990923865405,0.029603349730241396,modular_hmm_interval_count_loglik_segmentation_stage,,,,,,,,,,,,0.5828381756341433,,,,,,,,,,,,,,,,,,,,,,,,,,,,,,,,,,,,,,,,,,,,,,,,,,,,,,,,,,,,,,,,,,,,,,,,,,,,,,,,,,,,,,,,,,,,,,,,,,,,,,,,,,,,,,,,,,,,,,,,231.36363636363637,323.25,0.5833333333333334,0.16666666666666666
B3_static_svd,hc-11,Achilles_10252013_5k,real_5k,,5000,20,1,35.9518,6.953754749414495,6.953754749414495,4,0,"[0, 1, 2, 3]",0,False,12,0.2,28.76144,3838,1162,1282.662483479619,-1.1038403472285878,single_regime_full_matrix_marked_hawkes_loglik_before_svd_selection,,,,,,,,,,,,,,,,,,,,,,,,,,,,,,,,,,,,,,,,,,,,,,,,,,,,,,,,,,,,,,,,,,,,,,,,,,,,,,,,,,,,,,,,,,,,,,,,,,,,,,,,,,,,,,,,,,,,,,,,,,,,,,,,,,,,,,,
Proposed,hc-11,Achilles_10252013_5k,real_5k,,5000,20,1,35.9518,6.953754749414495,6.953754749414495,4,0,"[0, 1, 2, 3]",0,False,5,0.2,28.76144,3838,1162,1698.3349880666215,-1.4615619518645624,latent_ctmc_marginal_interval_loglik,,,,,,5234.711189490635,11.763187331413363,20.0,8.236812668586637,4.257434210103736,0.0023152714187903646,1.0,0.14807068258679879,18.696899131424086,0.0025,0.05,0.05,0.05,0.1,3.0,0.5,0.0,0.0,0.0,,0.0,0.5,2.0,1.0,0.0,0.15,0.5344162220493364,0.29341716363028203,1.5760771976213868,0.7279111592948149,1.0,0.3281468506850946,0.3264565241455938,0.9602315218200667,0.8565517964658556,1.0,0.23820439012468198,0.29589631211744455,0.7020808810552649,0.7948062318248306,0.9279137993805068,0.28182240312605594,0.300682909098839,0.8296982599474931,0.7985857291758937,0.9323262556577072,0.35470972417824415,0.1870951116142507,1.0722053877197606,0.48745614574868557,0.680300044526963,0.17807712649348303,0.24675376300757168,0.530928318805639,0.6730892497878793,0.7858126648791758,0.23018748343407863,0.26817719603834606,0.6828715787705492,0.7218474675886108,0.8427365053309833,0.21636497800322263,0.2700801343669156,0.6415882042674,0.7295626293474756,0.8517437385078883,0.3094319894703979,0.19375353708273718,0.9339073303221064,0.5108800131272536,0.5964379681826033,0.2297468023906759,0.2787971648377685,0.6798728019317315,0.7505348425475545,0.8762282043470945,0.1857726595476853,0.24808061160341238,0.553698816150706,0.6753919938282732,0.788501053427183,0.14517292023531975,0.22141301808563013,0.4353759581695185,0.6090199552145171,0.7110135752762902,0.14699967390980603,0.20796546321577966,0.44222295323593397,0.571771117757383,0.6675266109025962,0.16981363586986467,0.23517238584378813,0.507665697716943,0.6428438773440255,0.750502047857944,0.2058576849035399,0.2631792726298081,0.6114115087748785,0.7128287960076479,0.8322074612986503,0.08980672505583713,0.15994700907546266,0.2731572486350293,0.4460865231824432,0.5207934009630267,0.12070126621936696,0.20684303402615123,0.3632152738537598,0.5724558601422917,0.6683260282731907,0.0447860013902554,0.11058558480163061,0.1377543926439978,0.31187375878880425,0.364103793927699,0.04963847485720446,0.12632963649500722,0.15213804485643925,0.3558486801310919,0.4154432710308103,0.05380447108555841,0.10745325868836651,0.1656124357361755,0.3023679847294479,0.35300607152658176,,,,
B1_static_gates,hc-11,Achilles_10252013_5k,real_5k,,5000,20,1,35.9518,6.953754749414495,6.953754749414495,4,0,"[0, 1, 2, 3]",0,False,5,0.2,28.76144,3838,1162,1561.3130059155146,-1.3436428622336614,single_regime_static_marked_hawkes_loglik_from_static_gates,,,,,,4806.77129104039,,,,,,,,,,,,,,,,,,,,,,,,,,,,,,,,,,,,,,,,,,,,,,,,,,,,,,,,,,,,,,,,,,,,,,,,,,,,,,,,,,,,,,,,,,,,,,,,,,,,,,,,,,,,,,,,,,,,,,,,,,,,,,,,,
B2_modular_hmm_hawkes,hc-11,Achilles_10252013_5k,real_5k,,5000,20,1,35.9518,6.953754749414495,6.953754749414495,4,0,"[0, 1, 2, 3]",0,False,5,0.2,28.76144,3838,1162,-34.3990923865405,0.029603349730241396,modular_hmm_interval_count_loglik_segmentation_stage,,,,,,,,,,,,0.5828381756341433,,,,,,,,,,,,,,,,,,,,,,,,,,,,,,,,,,,,,,,,,,,,,,,,,,,,,,,,,,,,,,,,,,,,,,,,,,,,,,,,,,,,,,,,,,,,,,,,,,,,,,,,,,,,,,,,,,,,,,,,231.36363636363637,323.25,0.5833333333333334,0.16666666666666666
B3_static_svd,hc-11,Achilles_10252013_5k,real_5k,,5000,20,1,35.9518,6.953754749414495,6.953754749414495,4,0,"[0, 1, 2, 3]",0,False,5,0.2,28.76144,3838,1162,1282.662483479619,-1.1038403472285878,single_regime_full_matrix_marked_hawkes_loglik_before_svd_selection,,,,,,,,,,,,,,,,,,,,,,,,,,,,,,,,,,,,,,,,,,,,,,,,,,,,,,,,,,,,,,,,,,,,,,,,,,,,,,,,,,,,,,,,,,,,,,,,,,,,,,,,,,,,,,,,,,,,,,,,,,,,,,,,,,,,,,,
Proposed,hc-11,Achilles_10252013_5k,real_5k,,5000,20,1,35.9518,6.953754749414495,6.953754749414495,4,0,"[0, 1, 2, 3]",0,False,1,0.2,28.76144,3838,1162,1654.1425112152997,-1.4235305604262476,latent_ctmc_marginal_interval_loglik,,,,,,5299.693148672943,11.343783440540978,20.0,8.656216559459022,4.49244555717233,0.002241899176061244,1.0,0.14753613854638803,18.70156307985114,0.0025,0.05,0.05,0.05,0.1,3.0,0.5,0.0,0.0,0.0,,0.0,0.5,2.0,1.0,0.0,0.15,0.44021400277642714,0.24511212776289468,1.0704619008789829,0.5019339869041444,1.0,0.2708400177857015,0.2683510624635886,0.6542338434718967,0.5810302010428481,1.0,0.1965475588148953,0.24280027252671624,0.47826526296835276,0.5382136112131665,0.9263091836657832,0.23245648715830966,0.24980550806041113,0.5645029995602243,0.5475232046582316,0.9423317474298629,0.2933935699465363,0.15858003008123975,0.7310388440120378,0.3408765422335957,0.6829190683122526,0.146845233922211,0.20312486133844732,0.3613545339676497,0.45726125529796885,0.7869836274900418,0.18976834448876018,0.2196805726464226,0.4648016684649256,0.4879953987990024,0.8398795758346737,0.1788122391767662,0.22056725066487298,0.4378556759220239,0.49163974678224454,0.8461517936586372,0.255960954884125,0.16351040897456756,0.636882833704338,0.3557175586754295,0.6122187074561328,0.18955870337646535,0.22964342528563556,0.4629807573558547,0.5101629363037691,0.878031701946156,0.15312526631248577,0.20389607229031348,0.37673431502649085,0.4581065582863019,0.7884384623451249,0.11978275794361348,0.18229054530355382,0.2964940357770078,0.41378074996678843,0.7121501588456572,0.12110045237883327,0.17118232075006598,0.3006824783892721,0.3884114242400899,0.6684874960767254,0.14010229338852395,0.19366565710131456,0.3456715741755863,0.4368723254247415,0.7518926290589228,0.16983624001602352,0.21680064769582863,0.4163174351381302,0.4845910354506789,0.8340203909898699,0.07410308484261284,0.1315105876638024,0.18603072741478013,0.30268128734364147,0.5209389921563135,0.09966208310921941,0.17025521145618364,0.24751768827802378,0.3888359736979399,0.6692181800533724,0.036972536463916704,0.09073110709423365,0.09386195748710227,0.21115819327363997,0.36342034010391844,0.04104437768320624,0.10369671600971371,0.10383135395506188,0.2410405836009932,0.4148503523024574,0.04442553537209902,0.08808800513399039,0.11286552104382787,0.20455283379635397,0.3520519818577713,,,,
B1_static_gates,hc-11,Achilles_10252013_5k,real_5k,,5000,20,1,35.9518,6.953754749414495,6.953754749414495,4,0,"[0, 1, 2, 3]",0,False,1,0.2,28.76144,3838,1162,1561.3110843646064,-1.3436412085753928,single_regime_static_marked_hawkes_loglik_from_static_gates,,,,,,4806.761699792631,,,,,,,,,,,,,,,,,,,,,,,,,,,,,,,,,,,,,,,,,,,,,,,,,,,,,,,,,,,,,,,,,,,,,,,,,,,,,,,,,,,,,,,,,,,,,,,,,,,,,,,,,,,,,,,,,,,,,,,,,,,,,,,,,
B2_modular_hmm_hawkes,hc-11,Achilles_10252013_5k,real_5k,,5000,20,1,35.9518,6.953754749414495,6.953754749414495,4,0,"[0, 1, 2, 3]",0,False,1,0.2,28.76144,3838,1162,-34.3990923865405,0.029603349730241396,modular_hmm_interval_count_loglik_segmentation_stage,,,,,,,,,,,,0.5828381756341433,,,,,,,,,,,,,,,,,,,,,,,,,,,,,,,,,,,,,,,,,,,,,,,,,,,,,,,,,,,,,,,,,,,,,,,,,,,,,,,,,,,,,,,,,,,,,,,,,,,,,,,,,,,,,,,,,,,,,,,,231.36363636363637,323.25,0.5833333333333334,0.16666666666666666
B3_static_svd,hc-11,Achilles_10252013_5k,real_5k,,5000,20,1,35.9518,6.953754749414495,6.953754749414495,4,0,"[0, 1, 2, 3]",0,False,1,0.2,28.76144,3838,1162,1282.662483479619,-1.1038403472285878,single_regime_full_matrix_marked_hawkes_loglik_before_svd_selection,,,,,,,,,,,,,,,,,,,,,,,,,,,,,,,,,,,,,,,,,,,,,,,,,,,,,,,,,,,,,,,,,,,,,,,,,,,,,,,,,,,,,,,,,,,,,,,,,,,,,,,,,,,,,,,,,,,,,,,,,,,,,,,,,,,,,,,
Proposed,hc-11,Achilles_10252013_5k,real_5k,,5000,20,1,35.9518,6.953754749414495,6.953754749414495,4,0,"[0, 1, 2, 3]",0,False,8,0.2,28.76144,3838,1162,1654.1448055734527,-1.4235325349169128,latent_ctmc_marginal_interval_loglik,,,,,,5299.687048674839,11.34372738954504,20.0,8.65627261045496,4.459270309587882,0.0022252914043442425,1.0,0.14753460946885855,18.701583124405534,0.0025,0.05,0.05,0.05,0.1,3.0,0.5,0.0,0.0,0.0,,0.0,0.5,2.0,1.0,0.0,0.15,0.44021274876638067,0.24511886446597236,1.0704643956626414,0.5019548588651667,1.0,0.27084193078380564,0.26834867607350815,0.6542475267639103,0.5810235645862453,1.0,0.19653776111044227,0.2428043236662115,0.47822979614976885,0.5382202095645618,0.9263311204044464,0.2324591219115438,0.2497989433805409,0.5645117670656841,0.5475102642521784,0.9423202390114209,0.29338893771179214,0.15857076049808733,0.7310292646743424,0.3408569161245284,0.6829085279588575,0.14684842122052305,0.20312571347054123,0.3613615049045371,0.45726585199352787,0.7870005277998545,0.18977318329445533,0.21968238894802386,0.46481373263532255,0.4880028755517348,0.8399020371906056,0.17881261925581848,0.22056997543750564,0.4378604627128022,0.4916511808788005,0.8461811376426909,0.2559606954971475,0.16350811604473064,0.636897478942454,0.3557163190075987,0.6122235666309147,0.18955278241865012,0.22964370211965077,0.4629610474160891,0.5101708838800796,0.8780554094107683,0.1531240694381693,0.20389913151256062,0.37672448430559896,0.45812064075731385,0.7884717052458066,0.11978513535313072,0.18229117796422298,0.2964948653001963,0.41378359294569833,0.7121631860841293,0.12110385451124565,0.17118228659832418,0.30069139869226147,0.3884186940939431,0.6685076436969322,0.14011316096774767,0.19366544956073597,0.3457060630020352,0.43687244541869175,0.7519014237052408,0.16984164376080432,0.21680041745101888,0.41633630946774736,0.4845971844538049,0.8340405002315062,0.07410328162309691,0.13151037142671393,0.18603096584274426,0.30268434024515284,0.52095019667696,0.09966006135997284,0.17025526856170284,0.24751327096970796,0.3888403073254027,0.6692332824784846,0.03697968103990897,0.09073154089173899,0.09388231864040669,0.211159667758461,0.36342702883114675,0.04104313976301693,0.1036970864931036,0.10382705090721712,0.2410421734213936,0.414857826967901,0.04442404735884818,0.08808845147397792,0.11286044528091187,0.20455217821209495,0.35205487467235397,,,,
B1_static_gates,hc-11,Achilles_10252013_5k,real_5k,,5000,20,1,35.9518,6.953754749414495,6.953754749414495,4,0,"[0, 1, 2, 3]",0,False,8,0.2,28.76144,3838,1162,1561.3123325796016,-1.3436422827707415,single_regime_static_marked_hawkes_loglik_from_static_gates,,,,,,4806.762494639883,,,,,,,,,,,,,,,,,,,,,,,,,,,,,,,,,,,,,,,,,,,,,,,,,,,,,,,,,,,,,,,,,,,,,,,,,,,,,,,,,,,,,,,,,,,,,,,,,,,,,,,,,,,,,,,,,,,,,,,,,,,,,,,,,
B2_modular_hmm_hawkes,hc-11,Achilles_10252013_5k,real_5k,,5000,20,1,35.9518,6.953754749414495,6.953754749414495,4,0,"[0, 1, 2, 3]",0,False,8,0.2,28.76144,3838,1162,-34.3990923865405,0.029603349730241396,modular_hmm_interval_count_loglik_segmentation_stage,,,,,,,,,,,,0.5828381756341433,,,,,,,,,,,,,,,,,,,,,,,,,,,,,,,,,,,,,,,,,,,,,,,,,,,,,,,,,,,,,,,,,,,,,,,,,,,,,,,,,,,,,,,,,,,,,,,,,,,,,,,,,,,,,,,,,,,,,,,,231.36363636363637,323.25,0.5833333333333334,0.16666666666666666
B3_static_svd,hc-11,Achilles_10252013_5k,real_5k,,5000,20,1,35.9518,6.953754749414495,6.953754749414495,4,0,"[0, 1, 2, 3]",0,False,8,0.2,28.76144,3838,1162,1282.662483479619,-1.1038403472285878,single_regime_full_matrix_marked_hawkes_loglik_before_svd_selection,,,,,,,,,,,,,,,,,,,,,,,,,,,,,,,,,,,,,,,,,,,,,,,,,,,,,,,,,,,,,,,,,,,,,,,,,,,,,,,,,,,,,,,,,,,,,,,,,,,,,,,,,,,,,,,,,,,,,,,,,,,,,,,,,,,,,,,
Proposed,hc-11,Achilles_10252013_5k,real_5k,,5000,20,1,35.9518,6.953754749414495,6.953754749414495,4,0,"[0, 1, 2, 3]",0,False,9,0.2,28.76144,3838,1162,1698.3313527570003,-1.4615588233709125,latent_ctmc_marginal_interval_loglik,,,,,,5234.705308580602,11.763165614102535,20.0,8.236834385897465,4.317232497243429,0.002347720511027485,1.0,0.14806954025463637,18.696914061171615,0.0025,0.05,0.05,0.05,0.1,3.0,0.5,0.0,0.0,0.0,,0.0,0.5,2.0,1.0,0.0,0.15,0.5344184532648546,0.2934162800962048,1.5760721155413264,0.7279071055893458,1.0,0.3281462859188713,0.3264554973538965,0.9602286069721052,0.8565463942524159,1.0,0.23819348074673402,0.2958960959953401,0.7020597967104099,0.7948185767101559,0.9279340641015302,0.2818291845573532,0.30068240635127047,0.8297290826867079,0.7985768302847016,0.9323217465432104,0.35471549696746196,0.18710017691601405,1.0722367358465381,0.4874621034873871,0.6803221282030371,0.17807112492242935,0.2467531981501258,0.530912640945691,0.6730982574000901,0.7858281371758769,0.23019105075070753,0.26817026915899406,0.6828919794766404,0.7218374090225799,0.8427300772803924,0.2163738056552398,0.27008558691389506,0.6416091528437549,0.7295910415345235,0.8517822810652333,0.3094278742062407,0.19376807653339517,0.9339091989814449,0.5109205214480931,0.5964890225170101,0.22974613514629005,0.2787966443038472,0.6798728705457738,0.7505486655202742,0.8762498687246763,0.18577079960858922,0.2480766710651401,0.5536989015419129,0.6753817834360162,0.7884941060612156,0.1451673619697214,0.22141261425658976,0.43537001419467747,0.6090065506892316,0.7110024101155265,0.1469922034637422,0.2079655309217919,0.442202976604208,0.5717604305986046,0.6675183439393622,0.1698095858917571,0.23517105144207687,0.5076468518859548,0.6428503896268414,0.7505143842067236,0.20585689536149285,0.2631784617953256,0.6114174043175168,0.7128298368430375,0.8322139251606884,0.08981022235345146,0.15994677299707233,0.2731721533011494,0.4460866839090109,0.5207968732369137,0.12070814257419346,0.20684244960572837,0.3632257198552478,0.5724491948939626,0.6683224618481873,0.044783896138869274,0.11058489543224054,0.13774811601073741,0.3118702774749042,0.36410202595867686,0.04964073908829232,0.12633065609435923,0.15214493449427532,0.3558510158002633,0.41544861806446115,0.05380347562400605,0.10745319313668066,0.16560960978368372,0.30236579401831765,0.3530057403162839,,,,
B1_static_gates,hc-11,Achilles_10252013_5k,real_5k,,5000,20,1,35.9518,6.953754749414495,6.953754749414495,4,0,"[0, 1, 2, 3]",0,False,9,0.2,28.76144,3838,1162,1561.311990898039,-1.3436419887246465,single_regime_static_marked_hawkes_loglik_from_static_gates,,,,,,4806.765970868369,,,,,,,,,,,,,,,,,,,,,,,,,,,,,,,,,,,,,,,,,,,,,,,,,,,,,,,,,,,,,,,,,,,,,,,,,,,,,,,,,,,,,,,,,,,,,,,,,,,,,,,,,,,,,,,,,,,,,,,,,,,,,,,,,
B2_modular_hmm_hawkes,hc-11,Achilles_10252013_5k,real_5k,,5000,20,1,35.9518,6.953754749414495,6.953754749414495,4,0,"[0, 1, 2, 3]",0,False,9,0.2,28.76144,3838,1162,-34.3990923865405,0.029603349730241396,modular_hmm_interval_count_loglik_segmentation_stage,,,,,,,,,,,,0.5828381756341433,,,,,,,,,,,,,,,,,,,,,,,,,,,,,,,,,,,,,,,,,,,,,,,,,,,,,,,,,,,,,,,,,,,,,,,,,,,,,,,,,,,,,,,,,,,,,,,,,,,,,,,,,,,,,,,,,,,,,,,,231.36363636363637,323.25,0.5833333333333334,0.16666666666666666
B3_static_svd,hc-11,Achilles_10252013_5k,real_5k,,5000,20,1,35.9518,6.953754749414495,6.953754749414495,4,0,"[0, 1, 2, 3]",0,False,9,0.2,28.76144,3838,1162,1282.662483479619,-1.1038403472285878,single_regime_full_matrix_marked_hawkes_loglik_before_svd_selection,,,,,,,,,,,,,,,,,,,,,,,,,,,,,,,,,,,,,,,,,,,,,,,,,,,,,,,,,,,,,,,,,,,,,,,,,,,,,,,,,,,,,,,,,,,,,,,,,,,,,,,,,,,,,,,,,,,,,,,,,,,,,,,,,,,,,,,
Proposed,hc-11,Achilles_10252013_5k,real_5k,,5000,20,1,35.9518,6.953754749414495,6.953754749414495,4,0,"[0, 1, 2, 3]",0,False,14,0.2,28.76144,3838,1162,1654.1509380904463,-1.4235378124702636,latent_ctmc_marginal_interval_loglik,,,,,,5299.686882468355,11.343637707051068,20.0,8.656362292948932,4.459728583185469,0.002225797485675189,1.0,0.14753437974430428,18.701590355644278,0.0025,0.05,0.05,0.05,0.1,3.0,0.5,0.0,0.0,0.0,,0.0,0.5,2.0,1.0,0.0,0.15,0.4402145671512879,0.24512064949517753,1.0704755564320636,0.5019613039806174,1.0,0.27084296507742495,0.2683393794736558,0.6542467282289175,0.581019330423365,1.0,0.19654517178576594,0.24280686976556792,0.478253063264203,0.5382333520060845,0.9263604906464917,0.2324548724738985,0.24979828697191667,0.5645048997282743,0.5475136685378746,0.9423329653058597,0.2933805809034056,0.15857595902295488,0.7310140217389917,0.3408752224126762,0.6828871685547773,0.14685416073950477,0.20312676484159956,0.3613781660594858,0.4572702494157941,0.787013831506432,0.1897748659007165,0.21968869742346472,0.46481685345250734,0.4880154437658547,0.8399297892726871,0.17880376855472774,0.2205668829390676,0.43782797072107554,0.4916464761590674,0.8461792068102533,0.2559592965078562,0.16350265672718808,0.6368932048592951,0.35571029117123676,0.6122176536055096,0.18955763277999008,0.22964536019101475,0.46297936151293223,0.510166529406266,0.8780543136740881,0.1531214549266298,0.20390182937611806,0.3767198287389299,0.45813181144549137,0.7884966772304624,0.11978634086778928,0.18229229911848457,0.2964995476898854,0.4137876650729366,0.7121753845460296,0.1211122604357224,0.17118389074668838,0.3007182925655194,0.3884192904331291,0.6685135417957676,0.14011544127533127,0.19366666501312363,0.3457144614187997,0.4368804887959085,0.7519207467289799,0.1698463920818699,0.21680165814383293,0.4163478258611827,0.48459962715654914,0.8340507824471886,0.0741046138795695,0.13151130712089076,0.18603535913707556,0.30268388186757605,0.5209532041679624,0.09966223394330304,0.17025648811135988,0.24751906047194208,0.388841913257103,0.6692409234883284,0.03698003161070571,0.09073139522476929,0.09388145240789086,0.21116039735802453,0.3634309330193207,0.04104346214912742,0.10369796549051707,0.10382607325725236,0.24104557360978035,0.41486670234214124,0.044427150302843665,0.08808901328056915,0.11286876701109094,0.2045579782819801,0.35206742283931775,,,,
B1_static_gates,hc-11,Achilles_10252013_5k,real_5k,,5000,20,1,35.9518,6.953754749414495,6.953754749414495,4,0,"[0, 1, 2, 3]",0,False,14,0.2,28.76144,3838,1162,1561.3126095462035,-1.3436425211240994,single_regime_static_marked_hawkes_loglik_from_static_gates,,,,,,4806.76171064837,,,,,,,,,,,,,,,,,,,,,,,,,,,,,,,,,,,,,,,,,,,,,,,,,,,,,,,,,,,,,,,,,,,,,,,,,,,,,,,,,,,,,,,,,,,,,,,,,,,,,,,,,,,,,,,,,,,,,,,,,,,,,,,,,
B2_modular_hmm_hawkes,hc-11,Achilles_10252013_5k,real_5k,,5000,20,1,35.9518,6.953754749414495,6.953754749414495,4,0,"[0, 1, 2, 3]",0,False,14,0.2,28.76144,3838,1162,-34.3990923865405,0.029603349730241396,modular_hmm_interval_count_loglik_segmentation_stage,,,,,,,,,,,,0.5828381756341433,,,,,,,,,,,,,,,,,,,,,,,,,,,,,,,,,,,,,,,,,,,,,,,,,,,,,,,,,,,,,,,,,,,,,,,,,,,,,,,,,,,,,,,,,,,,,,,,,,,,,,,,,,,,,,,,,,,,,,,,231.36363636363637,323.25,0.5833333333333334,0.16666666666666666
B3_static_svd,hc-11,Achilles_10252013_5k,real_5k,,5000,20,1,35.9518,6.953754749414495,6.953754749414495,4,0,"[0, 1, 2, 3]",0,False,14,0.2,28.76144,3838,1162,1282.662483479619,-1.1038403472285878,single_regime_full_matrix_marked_hawkes_loglik_before_svd_selection,,,,,,,,,,,,,,,,,,,,,,,,,,,,,,,,,,,,,,,,,,,,,,,,,,,,,,,,,,,,,,,,,,,,,,,,,,,,,,,,,,,,,,,,,,,,,,,,,,,,,,,,,,,,,,,,,,,,,,,,,,,,,,,,,,,,,,,
Proposed,hc-11,Achilles_10252013_5k,real_5k,,5000,20,1,35.9518,6.953754749414495,6.953754749414495,4,0,"[0, 1, 2, 3]",0,False,10,0.2,28.76144,3838,1162,1698.315352993852,-1.4615450542115767,latent_ctmc_marginal_interval_loglik,,,,,,5234.630713031417,11.763116249303566,20.0,8.236883750696434,4.234067095140871,0.0023023518145330654,1.0,0.14809827267206854,18.696519170537055,0.0025,0.05,0.05,0.05,0.1,3.0,0.5,0.0,0.0,0.0,,0.0,0.5,2.0,1.0,0.0,0.15,0.5343949917899132,0.29346676436720015,1.5759943139926211,0.7280427186148108,1.0,0.32814627924105877,0.32651293772158674,0.960215461166982,0.856708176823079,1.0,0.2381826984098332,0.2958697384349757,0.7020205464599866,0.7947502568760222,0.9276790841698107,0.2818245184617738,0.3007362660700858,0.8297009661582709,0.7987302046696749,0.9323247125194917,0.3547277121804158,0.1871264912205894,1.0722601699922263,0.48754017690664275,0.6803705828581096,0.17805423437309228,0.24673812385409966,0.5308633331744859,0.6730672501813769,0.7856435462975321,0.2301754094678189,0.26815031680774226,0.6828402272494642,0.7217819684773679,0.8425062209093691,0.21643088763751578,0.27009137835785774,0.6417809803497708,0.729583570139437,0.8516127076607851,0.30949222909633145,0.1937331839342096,0.9341191718163177,0.5108333604471975,0.5962746408485501,0.22974707172641448,0.27877921740155365,0.6798745555864704,0.7504911600339474,0.8760172720855602,0.185737128726154,0.24806167339497004,0.5535956155577911,0.6753640187766375,0.7883244692271785,0.14515111408349554,0.22139994582420056,0.43531009594157954,0.6089839765916313,0.710841793117838,0.146982424568474,0.20795315706951584,0.4421683016896167,0.5717404906741371,0.6673690133253026,0.1698018504732658,0.23515764609546796,0.5076202628864156,0.6428202014452478,0.7503374180797602,0.20585914533763336,0.26316368325685346,0.6114189676649117,0.712794972275619,0.8320160721692519,0.08981427987390267,0.15993749833091375,0.2731802685530099,0.44606824765641767,0.5206770049873545,0.12072552439110075,0.2068316604905418,0.36327105937573884,0.5724199319659476,0.6681620970266047,0.04478729636714801,0.11057878911158336,0.13775831995049942,0.3118527839226086,0.36401284866808287,0.04965329740604649,0.12632530049320378,0.15218060507181355,0.3558428290120546,0.415360607776177,0.053799030427645965,0.10744753369495488,0.1655952043454075,0.30235213149352225,0.35292313027142,,,,
B1_static_gates,hc-11,Achilles_10252013_5k,real_5k,,5000,20,1,35.9518,6.953754749414495,6.953754749414495,4,0,"[0, 1, 2, 3]",0,False,10,0.2,28.76144,3838,1162,1561.3100198766833,-1.3436402924928428,single_regime_static_marked_hawkes_loglik_from_static_gates,,,,,,4806.756609208083,,,,,,,,,,,,,,,,,,,,,,,,,,,,,,,,,,,,,,,,,,,,,,,,,,,,,,,,,,,,,,,,,,,,,,,,,,,,,,,,,,,,,,,,,,,,,,,,,,,,,,,,,,,,,,,,,,,,,,,,,,,,,,,,,
B2_modular_hmm_hawkes,hc-11,Achilles_10252013_5k,real_5k,,5000,20,1,35.9518,6.953754749414495,6.953754749414495,4,0,"[0, 1, 2, 3]",0,False,10,0.2,28.76144,3838,1162,-34.3990923865405,0.029603349730241396,modular_hmm_interval_count_loglik_segmentation_stage,,,,,,,,,,,,0.5828381756341433,,,,,,,,,,,,,,,,,,,,,,,,,,,,,,,,,,,,,,,,,,,,,,,,,,,,,,,,,,,,,,,,,,,,,,,,,,,,,,,,,,,,,,,,,,,,,,,,,,,,,,,,,,,,,,,,,,,,,,,,231.36363636363637,323.25,0.5833333333333334,0.16666666666666666
B3_static_svd,hc-11,Achilles_10252013_5k,real_5k,,5000,20,1,35.9518,6.953754749414495,6.953754749414495,4,0,"[0, 1, 2, 3]",0,False,10,0.2,28.76144,3838,1162,1282.662483479619,-1.1038403472285878,single_regime_full_matrix_marked_hawkes_loglik_before_svd_selection,,,,,,,,,,,,,,,,,,,,,,,,,,,,,,,,,,,,,,,,,,,,,,,,,,,,,,,,,,,,,,,,,,,,,,,,,,,,,,,,,,,,,,,,,,,,,,,,,,,,,,,,,,,,,,,,,,,,,,,,,,,,,,,,,,,,,,,
Proposed,hc-11,Achilles_10252013_5k,real_5k,,5000,20,1,35.9518,6.953754749414495,6.953754749414495,4,0,"[0, 1, 2, 3]",0,False,3,0.2,28.76144,3838,1162,1654.146857772068,-1.4235343010086643,latent_ctmc_marginal_interval_loglik,,,,,,5299.694898913126,11.343701970594354,20.0,8.656298029405646,4.4503366333782095,0.0022213657103093416,1.0,0.1475402302171489,18.70151762692549,0.0025,0.05,0.05,0.05,0.1,3.0,0.5,0.0,0.0,0.0,,0.0,0.5,2.0,1.0,0.0,0.15,0.4402033671322671,0.24512700017186922,1.070435850349925,0.5019765849342113,1.0,0.27083322551299044,0.26834315295064176,0.6542156453685883,0.581024518050315,1.0,0.1965474140581231,0.24280178133038297,0.478255493673194,0.5382340334565792,0.9263533925602253,0.23245218668747603,0.2498043091242547,0.5644956964911992,0.5475382849123169,0.9423669189548758,0.2933788745809197,0.15857847614709775,0.7310047823732225,0.34087370496697916,0.6829038677415908,0.14685083519414438,0.20312581774200775,0.3613696081201163,0.4572510997601655,0.7869738462922642,0.18978223471703917,0.21968208016119878,0.4648352333027925,0.4880019098262725,0.8398989967993279,0.17881372698353126,0.22056589593969567,0.4378585001840976,0.49164213498099946,0.8461641801808176,0.25596968248875146,0.1634930716986071,0.6369182553420464,0.3556712155473408,0.6121449345043659,0.18956565510119533,0.22964397058869215,0.46299858572676095,0.5101702638726553,0.8780529014241635,0.15312015195882472,0.20389782740441464,0.3767137637653774,0.4581286746889786,0.7884842385417307,0.11978009107453531,0.1822907229333296,0.29648354345830824,0.4137918918754079,0.7121763006902486,0.12110383275789015,0.1711831769627126,0.3006916343815985,0.38841289635088966,0.6684965681900092,0.14011244174728707,0.1936654037893239,0.34570600280656955,0.43688257449735857,0.751917622966,0.16985155154104487,0.21680095206506378,0.4163609567447622,0.4845921595386186,0.8340304831966736,0.07410808204325078,0.13151131703385924,0.1860424861758171,0.30268379551924185,0.5209484042685963,0.0996649891703587,0.17025538597312997,0.2475257661105178,0.3888481349896457,0.6692456564388435,0.036976058476249685,0.09073104971885758,0.09387095773404958,0.21116158246185107,0.36342972783734595,0.04104546374094146,0.10369729576361744,0.10383236888600635,0.24103772292352374,0.414849486442241,0.044426032992039254,0.08808853345751175,0.11286503475401144,0.20455698259561086,0.3520625657623227,,,,
B1_static_gates,hc-11,Achilles_10252013_5k,real_5k,,5000,20,1,35.9518,6.953754749414495,6.953754749414495,4,0,"[0, 1, 2, 3]",0,False,3,0.2,28.76144,3838,1162,1561.3119270452125,-1.343641933773849,single_regime_static_marked_hawkes_loglik_from_static_gates,,,,,,4806.764286682197,,,,,,,,,,,,,,,,,,,,,,,,,,,,,,,,,,,,,,,,,,,,,,,,,,,,,,,,,,,,,,,,,,,,,,,,,,,,,,,,,,,,,,,,,,,,,,,,,,,,,,,,,,,,,,,,,,,,,,,,,,,,,,,,,
B2_modular_hmm_hawkes,hc-11,Achilles_10252013_5k,real_5k,,5000,20,1,35.9518,6.953754749414495,6.953754749414495,4,0,"[0, 1, 2, 3]",0,False,3,0.2,28.76144,3838,1162,-34.3990923865405,0.029603349730241396,modular_hmm_interval_count_loglik_segmentation_stage,,,,,,,,,,,,0.5828381756341433,,,,,,,,,,,,,,,,,,,,,,,,,,,,,,,,,,,,,,,,,,,,,,,,,,,,,,,,,,,,,,,,,,,,,,,,,,,,,,,,,,,,,,,,,,,,,,,,,,,,,,,,,,,,,,,,,,,,,,,,231.36363636363637,323.25,0.5833333333333334,0.16666666666666666
B3_static_svd,hc-11,Achilles_10252013_5k,real_5k,,5000,20,1,35.9518,6.953754749414495,6.953754749414495,4,0,"[0, 1, 2, 3]",0,False,3,0.2,28.76144,3838,1162,1282.662483479619,-1.1038403472285878,single_regime_full_matrix_marked_hawkes_loglik_before_svd_selection,,,,,,,,,,,,,,,,,,,,,,,,,,,,,,,,,,,,,,,,,,,,,,,,,,,,,,,,,,,,,,,,,,,,,,,,,,,,,,,,,,,,,,,,,,,,,,,,,,,,,,,,,,,,,,,,,,,,,,,,,,,,,,,,,,,,,,,
Proposed,hc-11,Achilles_10252013_5k,real_5k,,5000,20,1,35.9518,6.953754749414495,6.953754749414495,4,0,"[0, 1, 2, 3]",0,False,7,0.2,28.76144,3838,1162,1698.311438111223,-1.4615416851215344,latent_ctmc_marginal_interval_loglik,,,,,,5234.6200828440615,11.763020161898362,20.0,8.236979838101638,4.247920842066626,0.0023097380528494848,1.0,0.14810338862227557,18.69645282504384,0.0025,0.05,0.05,0.05,0.1,3.0,0.5,0.0,0.0,0.0,,0.0,0.5,2.0,1.0,0.0,0.15,0.5343947049594145,0.29346701423484584,1.575969919962921,0.7280505129211569,1.0,0.3281514892813231,0.32652104323987186,0.9602324871499351,0.856729984463031,1.0,0.23818056581870745,0.2958692438602364,0.7020212665993065,0.7947568281030324,0.9276631406815519,0.28183756693683276,0.3007639532258836,0.829742563890883,0.7988044981247608,0.9323876981210413,0.35474973528936904,0.1871300219473037,1.0723343298076997,0.48754137539311604,0.6804281707565392,0.17805456375414433,0.24673717032851875,0.5308644227228745,0.6730559684224039,0.785610379732714,0.23016516224103079,0.2681497960180429,0.6828154458717627,0.7217909200007057,0.842495223805082,0.21642961881776968,0.2700993598058513,0.6417690624972597,0.7296107173412082,0.8516227172771398,0.3094952796673433,0.19373083017198248,0.9341121661935173,0.5108242558680547,0.5962488358432113,0.22974703398321855,0.2787783995577898,0.6798808019262151,0.7504773779918398,0.8759788866993062,0.18574724290734992,0.24806022692856558,0.5536324190548938,0.6753388334697125,0.7882750057977622,0.14514279409631967,0.22139882093876453,0.43528687779523767,0.608995240004214,0.710836845970684,0.14698402269597322,0.20795217160510035,0.44218922221351603,0.5717401825623925,0.6673516661387072,0.1698010957734679,0.23515686357683177,0.5076203162216951,0.6428183628315416,0.7503161725271448,0.20585460792512156,0.2631622271184072,0.611404263383008,0.7128014331759414,0.8320024349593658,0.08981624971626462,0.1599366701404854,0.27319179428361695,0.4460715136098419,0.5206675635257756,0.12072852937583045,0.2068307982846293,0.3632885066664295,0.5724149725492024,0.6681393005148203,0.044782486433740755,0.11057777064121146,0.13774574177063906,0.31185462590080737,0.3640057329104306,0.04965486423496154,0.12632537577558925,0.15218864326505674,0.3558387118765078,0.41534522933679663,0.053795139534096245,0.10744794094777096,0.1655808236166926,0.3023547602836899,0.352917215186761,,,,
B1_static_gates,hc-11,Achilles_10252013_5k,real_5k,,5000,20,1,35.9518,6.953754749414495,6.953754749414495,4,0,"[0, 1, 2, 3]",0,False,7,0.2,28.76144,3838,1162,1561.311395825243,-1.3436414766138063,single_regime_static_marked_hawkes_loglik_from_static_gates,,,,,,4806.762287846892,,,,,,,,,,,,,,,,,,,,,,,,,,,,,,,,,,,,,,,,,,,,,,,,,,,,,,,,,,,,,,,,,,,,,,,,,,,,,,,,,,,,,,,,,,,,,,,,,,,,,,,,,,,,,,,,,,,,,,,,,,,,,,,,,
B2_modular_hmm_hawkes,hc-11,Achilles_10252013_5k,real_5k,,5000,20,1,35.9518,6.953754749414495,6.953754749414495,4,0,"[0, 1, 2, 3]",0,False,7,0.2,28.76144,3838,1162,-34.3990923865405,0.029603349730241396,modular_hmm_interval_count_loglik_segmentation_stage,,,,,,,,,,,,0.5828381756341433,,,,,,,,,,,,,,,,,,,,,,,,,,,,,,,,,,,,,,,,,,,,,,,,,,,,,,,,,,,,,,,,,,,,,,,,,,,,,,,,,,,,,,,,,,,,,,,,,,,,,,,,,,,,,,,,,,,,,,,,231.36363636363637,323.25,0.5833333333333334,0.16666666666666666
B3_static_svd,hc-11,Achilles_10252013_5k,real_5k,,5000,20,1,35.9518,6.953754749414495,6.953754749414495,4,0,"[0, 1, 2, 3]",0,False,7,0.2,28.76144,3838,1162,1282.662483479619,-1.1038403472285878,single_regime_full_matrix_marked_hawkes_loglik_before_svd_selection,,,,,,,,,,,,,,,,,,,,,,,,,,,,,,,,,,,,,,,,,,,,,,,,,,,,,,,,,,,,,,,,,,,,,,,,,,,,,,,,,,,,,,,,,,,,,,,,,,,,,,,,,,,,,,,,,,,,,,,,,,,,,,,,,,,,,,,
Proposed,hc-11,Achilles_10252013_5k,real_5k,,5000,20,1,35.9518,6.953754749414495,6.953754749414495,4,0,"[0, 1, 2, 3]",0,False,13,0.2,28.76144,3838,1162,1654.1434472746287,-1.4235313659850506,latent_ctmc_marginal_interval_loglik,,,,,,5299.698905673239,11.343726646884353,20.0,8.656273353115647,4.40425956125427,0.0021981891107401563,1.0,0.14753070188284934,18.701643278083353,0.0025,0.05,0.05,0.05,0.1,3.0,0.5,0.0,0.0,0.0,,0.0,0.5,2.0,1.0,0.0,0.15,0.44018578522104296,0.2451330228672894,1.0703915769591152,0.5019915788482266,1.0,0.2708322723931817,0.2683353185849094,0.6542220023387504,0.581005455919333,1.0,0.1965443773948456,0.2427992283760718,0.4782354501019931,0.5382113251215654,0.9263447006189404,0.23245387505408993,0.24978894807621235,0.5644964479470301,0.5474918412306717,0.942317900206923,0.29337767710573137,0.158581874226933,0.7309940089447807,0.34089392847048217,0.6829220489771304,0.14685605284466594,0.20312445691349496,0.36137535869315607,0.4572647555295989,0.7870231696982304,0.18978820007108338,0.219685214846507,0.4648540618914886,0.4880105887368244,0.8399414906778088,0.17880442231339572,0.22055873348084976,0.43783890063334974,0.49163929881358404,0.8461870603876798,0.2559719620706987,0.1634999994017891,0.6369197399373829,0.3557012806259312,0.6122167649236618,0.18956345378018452,0.22964355881921322,0.46298697344772954,0.5101772531693644,0.8780937390030251,0.1531280806281793,0.2038945774151558,0.3767319400556481,0.4581116147296594,0.7884807449953858,0.11977999504969952,0.1822904839878134,0.29648573880893786,0.4137853923252223,0.7121884796597718,0.12110867025379476,0.17118276661393694,0.30070236931713534,0.38841473723148245,0.6685216692447207,0.1401134149728142,0.193665397767366,0.34570237668687875,0.4368775246763432,0.7519336010107959,0.1698519592457524,0.21680052774324565,0.4163565554882172,0.48459240368083334,0.8340582669986396,0.07410984466161918,0.1315104104372253,0.18604560158987363,0.302688582161951,0.5209737345460942,0.09966540507891077,0.17025486587519933,0.24753247389571031,0.3888369079679727,0.6692482901949874,0.036977090702846376,0.09073126067665145,0.09387334310690375,0.2111610806237168,0.36344078781427913,0.041047384805755295,0.10369734934293226,0.10383841386876441,0.2410425975741611,0.41487148720962713,0.04442696444691242,0.08808770172383323,0.11286704943211723,0.20455223570803902,0.3520659464107324,,,,
B1_static_gates,hc-11,Achilles_10252013_5k,real_5k,,5000,20,1,35.9518,6.953754749414495,6.953754749414495,4,0,"[0, 1, 2, 3]",0,False,13,0.2,28.76144,3838,1162,1561.3127527034687,-1.3436426443231229,single_regime_static_marked_hawkes_loglik_from_static_gates,,,,,,4806.765888846598,,,,,,,,,,,,,,,,,,,,,,,,,,,,,,,,,,,,,,,,,,,,,,,,,,,,,,,,,,,,,,,,,,,,,,,,,,,,,,,,,,,,,,,,,,,,,,,,,,,,,,,,,,,,,,,,,,,,,,,,,,,,,,,,,
B2_modular_hmm_hawkes,hc-11,Achilles_10252013_5k,real_5k,,5000,20,1,35.9518,6.953754749414495,6.953754749414495,4,0,"[0, 1, 2, 3]",0,False,13,0.2,28.76144,3838,1162,-34.3990923865405,0.029603349730241396,modular_hmm_interval_count_loglik_segmentation_stage,,,,,,,,,,,,0.5828381756341433,,,,,,,,,,,,,,,,,,,,,,,,,,,,,,,,,,,,,,,,,,,,,,,,,,,,,,,,,,,,,,,,,,,,,,,,,,,,,,,,,,,,,,,,,,,,,,,,,,,,,,,,,,,,,,,,,,,,,,,,231.36363636363637,323.25,0.5833333333333334,0.16666666666666666
B3_static_svd,hc-11,Achilles_10252013_5k,real_5k,,5000,20,1,35.9518,6.953754749414495,6.953754749414495,4,0,"[0, 1, 2, 3]",0,False,13,0.2,28.76144,3838,1162,1282.662483479619,-1.1038403472285878,single_regime_full_matrix_marked_hawkes_loglik_before_svd_selection,,,,,,,,,,,,,,,,,,,,,,,,,,,,,,,,,,,,,,,,,,,,,,,,,,,,,,,,,,,,,,,,,,,,,,,,,,,,,,,,,,,,,,,,,,,,,,,,,,,,,,,,,,,,,,,,,,,,,,,,,,,,,,,,,,,,,,,
