method,dataset,session,condition,alpha1_strength,events,K,M,T,empirical_nu_base,mean_events_per_actor_mark_per_sec,ring_size,hub_actor,true_ring,n_injected_events,hawkes_sampler_used,seed,field_auc,precision,recall,f1,hub_correct,pred_ring,hub_pred,loglik_final,beta0_hat,beta1_hat,beta_gap_hat,eta_on_hat,eta_off_hat,active_mean,gate_gini,gate_effective_support,proposed_lr,proposed_lambda_g,proposed_lambda_h,proposed_lambda_e,proposed_lambda_0,proposed_n_inner_steps,proposed_stability_target,proposed_eta_prior_weight_s,proposed_eta_prior_weight_pi,proposed_eta_off_floor,proposed_eta_pi1_target,proposed_eta_beta_prior_kappa,proposed_eta_beta_prior_target,proposed_eta_gamma_prior_shape,proposed_eta_gamma_prior_rate,proposed_eta_gamma_prior_weight,proposed_pi1_init,g0_hat,h0_hat,sender0_score,receiver0_score,member0_score,g1_hat,h1_hat,sender1_score,receiver1_score,member1_score,g2_hat,h2_hat,sender2_score,receiver2_score,member2_score,g3_hat,h3_hat,sender3_score,receiver3_score,member3_score,g4_hat,h4_hat,sender4_score,receiver4_score,member4_score,g5_hat,h5_hat,sender5_score,receiver5_score,member5_score,g6_hat,h6_hat,sender6_score,receiver6_score,member6_score,g7_hat,h7_hat,sender7_score,receiver7_score,member7_score,g8_hat,h8_hat,sender8_score,receiver8_score,member8_score,g9_hat,h9_hat,sender9_score,receiver9_score,member9_score,g10_hat,h10_hat,sender10_score,receiver10_score,member10_score,g11_hat,h11_hat,sender11_score,receiver11_score,member11_score,g12_hat,h12_hat,sender12_score,receiver12_score,member12_score,g13_hat,h13_hat,sender13_score,receiver13_score,member13_score,g14_hat,h14_hat,sender14_score,receiver14_score,member14_score,g15_hat,h15_hat,sender15_score,receiver15_score,member15_score,g16_hat,h16_hat,sender16_score,receiver16_score,member16_score,g17_hat,h17_hat,sender17_score,receiver17_score,member17_score,g18_hat,h18_hat,sender18_score,receiver18_score,member18_score,g19_hat,h19_hat,sender19_score,receiver19_score,member19_score
Proposed,binance_vision,ftx_k20_q99_minutes_spikein_compact_alpha_1_seed_8,crypto_spikein_compact,1.0,5359,20,2,119.98773333333371,1.1165724718526748,1.1165724718526748,4,0,"[0, 4, 6, 18]",359,False,8,0.6909937888198758,0.25,0.25,0.25,0,"[0, 13, 19, 15]",13,-637.5000502125787,0.35354950510987415,0.49999616,0.14644665489012587,0.014240069544284528,0.05615344409994645,0.32908023851539847,0.085894902258971,19.406163845045363,0.0025,0.05,0.05,0.05,0.1,1,0.5,0.0,0.0,0.0,,0.0,0.5,2.0,1.0,0.0,0.15,0.0008148044808842625,0.25157692316634817,0.0006380135632443957,0.2991386128870455,1.0,0.09725907987584721,0.06568202948557327,0.08868847381728812,0.07370592270050795,0.9105500658976134,0.07482750084035761,0.12736557565334805,0.06503556841156602,0.14490884628629988,0.6677095518053299,0.074702192658839,0.12162408714497226,0.06522334146005623,0.13838929206694123,0.6696373870055251,0.03676941331556604,0.09910744409409643,0.03267775330354529,0.11537315135970264,0.3856845836323626,0.09175780611054846,0.04450080471808004,0.08502060333456712,0.05010947339896931,0.872892639109258,0.09230578863300623,0.07996673652149389,0.08325860146382183,0.09001345841291086,0.8548024538747692,0.07484446183461069,0.1293795770665293,0.06494479724064568,0.14720399380061222,0.6667776190286605,0.09586696032158817,0.024699699071277094,0.09014352731966582,0.027742037209724787,0.9254888624001225,0.09646986752442993,0.012754008821529472,0.09150979378774736,0.014319983528590778,0.9395160969324056,0.09326031232496011,0.08731777760386987,0.08364491876950453,0.09823242182487167,0.8587687105145153,0.09840490494134145,0.005064833338131619,0.09386866088595584,0.005679645278142277,0.9637341999086997,0.09652564826909275,0.045584429425943956,0.08936625888419535,0.05117868488133005,0.9175087744058716,0.10242778005744127,0.009360881568531175,0.09740098555685643,0.0104711612981085,1.0,0.09762975193972398,0.04200083627153928,0.0906304946424318,0.04712318754552984,0.9304884763155455,0.10256691147554949,0.05729177653679533,0.09412615410626073,0.06408517619382163,0.9663778407182125,0.09784299563394047,0.008723983891669385,0.09308512748769412,0.009786772031976263,0.9556897905653841,0.09998101928100303,0.04098701554285592,0.09288258720630692,0.0459178809664867,0.9536103425985155,0.09100532625976362,0.12291803772234006,0.07937526073334422,0.13846919489968568,0.814932829268037,0.10099515074839671,0.0053517806675306015,0.09631965481884874,0.005991680222288884,0.9888981540399663
Proposed,binance_vision,ftx_k20_q99_minutes_spikein_compact_alpha_1_seed_7,crypto_spikein_compact,1.0,5413,20,2,119.98604999999986,1.1278394446687774,1.1278394446687774,4,0,"[0, 4, 6, 18]",413,False,7,0.782608695652174,0.25,0.25,0.25,0,"[19, 0, 11, 12]",19,-634.649173490903,0.35354950510987415,0.49999616,0.14644665489012587,0.00963090799496394,0.07338892800730518,0.24819765342734945,0.09610793150587793,19.275707102744708,0.0025,0.05,0.05,0.05,0.1,1,0.5,0.0,0.0,0.0,,0.0,0.5,2.0,1.0,0.0,0.15,0.00078125,0.2225948257681767,0.0006544010408019688,0.251944249639089,1.0,0.09404200029049561,0.07481750506686469,0.08841021767432676,0.07984676419312761,0.9144818144025765,0.06475230729874726,0.10983875903701709,0.059303229927403646,0.11945533233529444,0.6134101547370524,0.046038061037571125,0.11750398248335364,0.041919191666202754,0.12931510493336562,0.5132687295646158,0.04075489323741485,0.08592335487763783,0.03799999499055538,0.09487299954976107,0.39305755918688307,0.09296377639049522,0.058257242429575515,0.0884590632675669,0.06221815005957565,0.9149870547232865,0.0843055451130411,0.08308724885436737,0.07877179673295466,0.0892350669523189,0.8147856378485256,0.07725280161947454,0.11276272577822843,0.07058871778461923,0.12165806593881456,0.7301429677938136,0.09387753414815705,0.02749901364823369,0.09132733890244409,0.029351336839386073,0.944655411795445,0.09709248228228731,0.058430407757642286,0.09237610614613245,0.062235610744976216,0.9555034630402349,0.08682491918641869,0.08605194978499049,0.0809493017141325,0.09226640406382486,0.837308924844531,0.09827975782997944,0.024264472467277823,0.09583223739292582,0.025824544427045605,0.9912523759659275,0.09740661600397384,0.026875479733607637,0.09481144767205206,0.02862006183297856,0.980693713623224,0.09678036031094067,0.03722657747054509,0.09350179937686066,0.0396589697234098,0.9671472075663381,0.09206431624805847,0.06057758680697107,0.08745440415759488,0.06473453819209594,0.9045952413117685,0.09390918941349374,0.050895079366747295,0.0898428693405405,0.05432436484194178,0.9293006207531287,0.09605658454003965,0.02683908740130866,0.09349591647639915,0.028605958616330012,0.9670863570715705,0.09667464241431448,0.05618093571201203,0.09213334232680692,0.05985568362941092,0.9529924060175512,0.08387580083297823,0.07503228528187304,0.07883592436061833,0.08060453971444309,0.8154489497466507,0.10001272848850784,0.036420299079538226,0.09667793966147313,0.03871749438522211,1.0
Proposed,binance_vision,ftx_k20_q99_minutes_spikein_compact_alpha_1_seed_10,crypto_spikein_compact,1.0,5343,20,2,119.98604999999986,1.113254415825841,1.113254415825841,4,0,"[0, 4, 6, 18]",343,False,10,0.7406832298136646,0.25,0.25,0.25,0,"[0, 9, 16, 13]",9,-684.7584698431032,0.35354950510987415,0.49999616,0.14644665489012587,0.04026914640408844,0.1143841629944608,0.34964483690457815,0.10096911470125058,19.228069240389207,0.0025,0.05,0.05,0.05,0.1,1,0.5,0.0,0.0,0.0,,0.0,0.5,2.0,1.0,0.0,0.15,0.0007950232457589486,0.22034628270105738,0.0006306247962435372,0.2436266108326473,1.0,0.09440387541959705,0.08895262814835536,0.08347904958827036,0.09258093754573751,0.8826003393045272,0.04691548399576283,0.12087613090510031,0.040447167888317946,0.12977905570098,0.5326965525540566,0.032598594214710806,0.13414597680538815,0.027804906289001723,0.14535949378191368,0.5966486718553272,0.026166160565071518,0.07638339815849292,0.02336562280950311,0.08311062194567123,0.34113934295446,0.08623965560887474,0.07747011370468926,0.07694600949969777,0.08106749623440568,0.813528357444369,0.0866862553082166,0.06509721653507561,0.07808606884711812,0.0680994843765299,0.8255818819133621,0.085469737022873,0.09673119374842137,0.07511806599916931,0.10127311872946283,0.7942020287217358,0.09543391703999242,0.034269286425656936,0.08800793724880838,0.035641303020872706,0.9304829853765375,0.10117987810230353,0.016018615662336772,0.09458306990234143,0.016596431877349674,1.0,0.08750481389187795,0.10349187601550974,0.0764948343787371,0.10821096731660906,0.8087582107212132,0.09799516804429638,0.01589355568934307,0.09161544683140639,0.016502490137091392,0.9686241620831386,0.09519868224199982,0.04911460790089355,0.08680779518270294,0.05109047397554748,0.9177942233460323,0.09958109734645099,0.010400155783187887,0.09347899951999679,0.010786753552819642,0.9883269766620537,0.09169766343335549,0.05165808715039552,0.08345573738395787,0.05386098241785419,0.8823538659733426,0.09426950060237607,0.03486002339314195,0.08689257182815216,0.03628476148104641,0.9186905427987289,0.1007178215532468,0.013139548065802727,0.09435071972097335,0.013617981650380393,0.9975434273638191,0.09592625550312973,0.05752303394989869,0.08691406240832844,0.05980807845203785,0.9189177566140392,0.08070492156095656,0.0731300119328457,0.07224801631844055,0.07680292191205855,0.763857806614205,0.09642789434459378,0.025170433792050854,0.08953300261741064,0.02615974411756234,0.9466070694243159
Proposed,binance_vision,ftx_k20_q99_minutes_spikein_compact_alpha_1_seed_9,crypto_spikein_compact,1.0,5431,20,2,119.98280000000011,1.1316205322762918,1.1316205322762918,4,0,"[0, 4, 6, 18]",431,False,9,0.6933333333333334,0.25,0.25,0.25,0,"[19, 0, 13, 17]",19,-594.0200923833078,0.35354950510987415,0.49999616,0.14644665489012587,0.05706469245087373,0.11457260627233261,0.41161864709725454,0.10981190130895646,19.113903207384563,0.0025,0.05,0.05,0.05,0.1,1,0.5,0.0,0.0,0.0,,0.0,0.5,2.0,1.0,0.0,0.15,0.000786526061091051,0.2096681881097572,0.0006107911803617008,0.22350858368627027,1.0,0.09505910963185576,0.09725556268279366,0.08122658404158095,0.09732006782695724,0.915751620995873,0.04984793678136033,0.1102138061441792,0.042148513913020574,0.11374010072249173,0.5088847096903625,0.035036594770070525,0.12180051040944012,0.029342138388384436,0.1269465919802926,0.5679718867463375,0.01301663713586293,0.0787847409485895,0.0112891232243872,0.0833149271377005,0.3727594071046784,0.08799683558673072,0.07622195086762043,0.07647470932069243,0.07664520880470062,0.862178803306096,0.0828325718989728,0.050472010409357476,0.07346646490907803,0.05093461864846129,0.8282637405370222,0.062418739302108436,0.11040013959003044,0.052767028880064945,0.11297913169623493,0.5948975055668858,0.09403711914706787,0.05650973975007319,0.0830088579800151,0.056588527680343684,0.9358450456725068,0.09785844742655671,0.03445298648270525,0.0878790713860455,0.03441235829350304,0.9907520182331785,0.08633190078326888,0.0850238037795929,0.0745018624046628,0.08559590441547762,0.8399368515775092,0.09367820408673998,0.051467579666352896,0.08302407935068618,0.051549119559106564,0.9360166519887183,0.09204886198566627,0.03492361372738317,0.08263122656008283,0.03501782467849664,0.9315876145737804,0.09708920865033896,0.01546572663647013,0.08846981284151385,0.015454556820013742,0.997412060038675,0.09151309169059267,0.06782279475163636,0.0800657233753256,0.06803404002338016,0.9026640333616387,0.09490822497707915,0.024520493046647662,0.08588399290335103,0.024538661873732614,0.9682594269701236,0.09383810511633374,0.011752572085825395,0.08574740937765006,0.011770085769386224,0.9667195790676443,0.09666764152631475,0.017408812421130168,0.08795063014330977,0.017400818687108303,0.9915587744046267,0.0767222016161905,0.06476918376548763,0.06728561728402241,0.06563676486472911,0.7585806275690351,0.09701982393477246,0.011093034709750876,0.08869936146358949,0.011085105759438022,1.0
Proposed,binance_vision,ftx_k20_q99_minutes_spikein_compact_alpha_1_seed_11,crypto_spikein_compact,1.0,5386,20,2,119.97739999999988,1.1222946988349485,1.1222946988349485,4,0,"[0, 4, 6, 18]",386,False,11,0.7391304347826086,0.25,0.25,0.25,0,"[19, 0, 9, 13]",19,-654.8149308184687,0.35354950510987415,0.49999616,0.14644665489012587,0.027184697852129017,0.07614063779643122,0.36829512210854093,0.09565932161716884,19.328554750385837,0.0025,0.05,0.05,0.05,0.1,1,0.5,0.0,0.0,0.0,,0.0,0.5,2.0,1.0,0.0,0.15,0.0007829904649683155,0.21144237866581167,0.0006361947807632664,0.23302145189691006,1.0,0.094027636353095,0.09208626873168729,0.08418202560606655,0.09553750595459388,0.8817993616948372,0.050181906565336734,0.11889764609160317,0.0439942842121789,0.12695224351531764,0.5448092546066616,0.03747796980015866,0.12505809759166833,0.03270008007071234,0.13464002666255528,0.5778009945716103,0.014479000973624602,0.09257626190895372,0.012958712903528525,0.10114238215494634,0.4340475150746733,0.08578629213053324,0.07774570074009135,0.07766108003012982,0.08109639430471008,0.8134930266416047,0.08817153322536964,0.0647412144649777,0.08062192664635484,0.06742982630062894,0.8445076362030476,0.07555923335610254,0.0967598827903158,0.0674032879726962,0.10161859824003662,0.7060435512515578,0.09619826840685243,0.022537241311013208,0.09075425077282874,0.02334506677186883,0.9506428459807273,0.09950425605896017,0.024260195225826724,0.09376174717936506,0.025076029380601068,0.9821461080190326,0.09040991884959984,0.07648226013509993,0.08192613424993742,0.0795335434913159,0.8581690968780183,0.09454983502175418,0.022461842909637205,0.08921573773438782,0.02329589558508705,0.9345270563511817,0.09669655988642112,0.04564818119272808,0.0896888109306219,0.047272364012597885,0.9394824567406456,0.09879209391594934,0.016165225246053818,0.09364960594552138,0.01671619894337963,0.980971438394358,0.09732564266006635,0.07514796216302683,0.08828537615037445,0.07778324657727231,0.9247816000614097,0.09298417928852554,0.03709656042461351,0.0867949348784551,0.03851120366903398,0.9091693579852651,0.095857072684014,0.012281797692533679,0.09112529503114244,0.012725451948603068,0.9545295021616161,0.09607172164746987,0.04498237879337659,0.0891470397225667,0.04659904132463715,0.9338074506807617,0.08429477072553924,0.100120154332693,0.07500404183108089,0.10454003652997984,0.7856607837007636,0.10153989206717659,0.027261115193406252,0.09546619022752172,0.02814024961215846,1.0
Proposed,binance_vision,ftx_k20_q99_minutes_spikein_compact_alpha_1.5_seed_7,crypto_spikein_compact,1.5,5497,20,2,119.93219999999995,1.1458557418274662,1.1458557418274662,4,0,"[0, 4, 6, 18]",497,False,7,0.6770186335403726,0.25,0.25,0.25,0,"[0, 11, 16, 19]",11,-505.46875028495134,0.35354950510987415,0.49999616,0.14644665489012587,0.013169552384922864,0.07156993776121377,0.27041314561239993,0.09185565806116291,19.356741654854236,0.0025,0.05,0.05,0.05,0.1,1,0.5,0.0,0.0,0.0,,0.0,0.5,2.0,1.0,0.0,0.15,0.00078125,0.20785472624454637,0.0006790002578659853,0.23393869668320283,1.0,0.09029767682473011,0.05992658047351053,0.08774294719659063,0.06372933223733211,0.8820423973303874,0.06356649691526291,0.09989702616898369,0.06000732288952176,0.10809010783483355,0.6032280044145705,0.04454527408852904,0.11858539934155994,0.04147428331097744,0.1298738666909991,0.5551619656446699,0.0373669597732604,0.08734695916314214,0.03559905519166346,0.09609458480565311,0.4107682318833439,0.08954283893588838,0.09483518754571485,0.08483874524798905,0.10090497548886973,0.8528476947255533,0.0878127847460495,0.06127101821580892,0.08524421402104106,0.06526602995818657,0.8569236992370509,0.08077961059722572,0.10637302927876283,0.07588743905644736,0.1138278059850136,0.7628640342185061,0.0969359492018391,0.03682401574808989,0.09573850953796763,0.03899224292341177,0.962418372846591,0.09659609587697204,0.05847547252542892,0.09395569640593943,0.06193191570778979,0.9444965133785819,0.08705725107777662,0.08741164353212832,0.08293559362911625,0.09315438775672104,0.8337161238127061,0.10035681512705849,0.03168217774383894,0.09947701772857602,0.033472080088557045,1.0,0.09088449949471501,0.05297132202755783,0.0887516385169346,0.056312496254583226,0.892182340639667,0.09577346870164888,0.03999214988734614,0.09438319682893205,0.042378868337539705,0.9487939926632852,0.09397660096255582,0.06301252230070051,0.09111196399156721,0.06685239736351911,0.9159096851914788,0.09382162578839026,0.05608455258778272,0.09141819719603692,0.05951033522014711,0.9189881168881875,0.09797239175137604,0.02986857139196264,0.09723931384002125,0.03160528595241366,0.9775053179151353,0.09721403757683753,0.049790647577447736,0.09514540059342158,0.05271218900639018,0.9564561017804806,0.08231684100407305,0.08788854417664924,0.0783886389803824,0.09395160369166507,0.788007529480493,0.09697373682353523,0.03167821993267549,0.09612263358593232,0.03354160602009615,0.9662798079472369
Proposed,binance_vision,ftx_k20_q99_minutes_spikein_compact_alpha_1.5_seed_8,crypto_spikein_compact,1.5,5610,20,2,119.98475000000019,1.168898547523746,1.168898547523746,4,0,"[0, 4, 6, 18]",610,False,8,0.7360248447204969,0.25,0.25,0.25,0,"[0, 13, 19, 9]",13,-421.3244132900956,0.35354950510987415,0.49999616,0.14644665489012587,0.024693517794429097,0.06879914053258165,0.38733788936133107,0.10114436265423854,19.24888483486517,0.0025,0.05,0.05,0.05,0.1,1,0.5,0.0,0.0,0.0,,0.0,0.5,2.0,1.0,0.0,0.15,0.0008058729673571143,0.2319164644775096,0.0006300351906320604,0.2630970049373298,1.0,0.10152615705129703,0.06841171645112086,0.09087994320484873,0.072830768065704,0.957050670251289,0.052286372139000656,0.13102575376780234,0.044535566517587506,0.14396449156188218,0.5471916778230707,0.06360923471552712,0.11390052700576536,0.054934413918532266,0.12425619591963766,0.5785106791064544,0.023046850718468657,0.09229050741152757,0.020249033957490094,0.10327478301252395,0.39253500068206476,0.08933467512079418,0.08029002119352856,0.07923321145687613,0.08615914725401179,0.8343997086358174,0.08086079386175764,0.08333742465079796,0.07154612421973872,0.08991750986620015,0.7534475014364848,0.0800919843352034,0.12681946338651542,0.06845139689946828,0.13690378504845307,0.7208571327405702,0.09609696156457345,0.02552246058439806,0.08887852194404815,0.027268250835517822,0.935973835346289,0.1001780244028585,0.030774073699734214,0.09228942625389784,0.03279287211130755,0.9718938430045958,0.08998090942750131,0.08563072294461266,0.07947329117378864,0.09185237240882488,0.8369279722535328,0.09688587800122395,0.008953964912251155,0.09072026292749856,0.009561308189918337,0.955369087813243,0.09404653074680538,0.03195234100774391,0.08656359090909636,0.034183664816882044,0.9115954497481352,0.10161798275310074,0.011690237398080576,0.09495834027365212,0.012444905107371763,1.0,0.09936636768960397,0.049320953914787816,0.09026368408627453,0.05258316628160161,0.9505608862386551,0.09676112246549216,0.04440136741011584,0.08822628146721878,0.04741997680632769,0.9291051340300093,0.0963156971695833,0.012558974942634332,0.08994632809815839,0.01341634264153669,0.9472188313206608,0.09651002475701424,0.032606502201307015,0.08878559405175039,0.03482689068696172,0.9349952178596106,0.07951309822402786,0.09118484206234787,0.06992017517592511,0.0984678755433158,0.7363247396113737,0.09863294349881187,0.007253424076421014,0.09247255791675313,0.007736468547927194,0.973822390432105
Proposed,binance_vision,ftx_k20_q99_minutes_spikein_compact_alpha_1.5_seed_9,crypto_spikein_compact,1.5,5556,20,2,119.95978333333345,1.1578880533156446,1.1578880533156446,4,0,"[0, 4, 6, 18]",556,False,9,0.7066666666666667,0.25,0.25,0.25,0,"[0, 9, 13, 17]",9,-468.82998973003305,0.35354950510987415,0.49999616,0.14644665489012587,0.05574725471807928,0.09863226817594672,0.453139414559269,0.11692777961875667,19.098752335563933,0.0025,0.05,0.05,0.05,0.1,1,0.5,0.0,0.0,0.0,,0.0,0.5,2.0,1.0,0.0,0.15,0.0007836676943493061,0.20440926262824433,0.0006223393473477906,0.21631078607183415,1.0,0.08402614797791416,0.06793721476028941,0.07467654300799707,0.06797268292373491,0.7951237240455022,0.04145243975070091,0.09158681975720043,0.036161308127128367,0.09433687878340435,0.43611731294839934,0.030098110896170285,0.11147926847595246,0.025840687449806207,0.11570260524304983,0.5348905958144242,0.01548821904045587,0.0939328932534842,0.013485665219393896,0.09844169718987898,0.4550937980373651,0.0900490988404456,0.0955979171813946,0.0783022721445035,0.09524807458416444,0.8337289290707341,0.08063894514599519,0.08271935374122172,0.0708404560622587,0.08295909410044428,0.7542787195073142,0.06547650113421878,0.09823756006223572,0.056815691455773164,0.09955895887255152,0.6049490556853544,0.09633470179438669,0.033716939994613844,0.08789964821179565,0.033447645867211384,0.9359176632074134,0.10215413015865962,0.023722247294480726,0.09391814223332567,0.023438837920691395,1.0,0.08204414380423694,0.048953857870576864,0.07399492453901103,0.04904742653779143,0.7878661436379527,0.0936426721799456,0.03681936626317128,0.08524574017574509,0.03659181720887092,0.9076599914419592,0.096204714808173,0.04063480577646976,0.08732030452396167,0.04031093863722447,0.9297490606982763,0.09901224134939282,0.026001336101516483,0.09087560947527025,0.025745324893031135,0.9676044192771966,0.09336919706462272,0.06832615874811479,0.08295627954151057,0.06791893597893597,0.8832827989231091,0.0930307218161816,0.03655510130936836,0.08470358754667864,0.03634507195189996,0.9018873833369186,0.09491972362791032,0.007870943649984108,0.0883115607370172,0.0078154728339625,0.9403035306812206,0.09862426596338723,0.03485732599847151,0.08991067810515274,0.03452257497218428,0.95733024490394,0.07205904972245918,0.11703737126276978,0.0615878492095915,0.11807174511687903,0.6557609397403287,0.09806252710039942,0.029708071097392277,0.08975129174605143,0.029434009171575164,0.9556331674776708
Proposed,binance_vision,ftx_k20_q99_minutes_spikein_compact_alpha_1.5_seed_10,crypto_spikein_compact,1.5,5632,20,2,119.93623333333335,1.1739571611247865,1.1739571611247865,4,0,"[0, 4, 6, 18]",632,False,10,0.7140740740740741,0.25,0.25,0.25,0,"[0, 9, 19, 11]",9,-381.7625346295486,0.35354950510987415,0.49999616,0.14644665489012587,0.0304057064164598,0.0782402421538813,0.3998311392498764,0.10122210807462317,19.28475487799634,0.0025,0.05,0.05,0.05,0.1,1,0.5,0.0,0.0,0.0,,0.0,0.5,2.0,1.0,0.0,0.15,0.0008053295283324533,0.20467170163625703,0.0006484812428820721,0.22444837309388502,1.0,0.09178919217470219,0.0595530287922518,0.08314390885233239,0.06155308051176065,0.8965142937666564,0.05760213179473981,0.0957300621066915,0.05073124286904019,0.10120845164051945,0.5470188375845939,0.036387479034355796,0.11967717604944593,0.03144367070945669,0.1282876901410573,0.5715688127861615,0.016568808659055335,0.0912739327922103,0.014643621161600668,0.09909683590295155,0.4415128278140832,0.08444430707664624,0.09391375184763148,0.07447932268210308,0.09754469495231968,0.8030868201440284,0.07783356329584608,0.09988114438130949,0.06832501326104178,0.10419973866998018,0.7367268613640837,0.08106781384189803,0.09705162221673402,0.07132519234813432,0.1010296185868558,0.7690768371177533,0.0957306648256033,0.0162103572186649,0.08959095656719243,0.016709887633300176,0.9660307563524246,0.09923835898120682,0.01807822183595688,0.09274130867786586,0.01859166607251535,1.0,0.08883777480598293,0.1114976218909773,0.07726993466906773,0.11547326432636916,0.8331771005891508,0.09843203663553587,0.009890691309060617,0.09254725708715218,0.01017740181179121,0.9979076034888864,0.09333631853047544,0.059595804743485456,0.08453929337306583,0.061532791433077216,0.9115602807235611,0.09826666479174372,0.010822002641457752,0.09233006323059151,0.011136564242939961,0.9955656712943011,0.09555115533927223,0.042294232175274574,0.08769374845806603,0.043603448090721815,0.9455737654367983,0.09524863188750687,0.051300392774533174,0.08681991422985139,0.052899563516810084,0.9361514892076598,0.09570801288925981,0.010616000842375701,0.08993556444533227,0.010943669999221821,0.9697465533694456,0.09769072730971384,0.06635351045654236,0.08802807618766136,0.06830964956795806,0.9491787148855558,0.07956607051232104,0.09556249739145559,0.07008374040820972,0.09957604187785503,0.7556906561631935,0.09879684939007521,0.012367352768874405,0.09272371756375285,0.012721595952510888,0.9998103206180311
Proposed,binance_vision,ftx_k20_q99_minutes_spikein_compact_alpha_1.5_seed_11,crypto_spikein_compact,1.5,5661,20,2,119.95988333333365,1.17976940346585,1.17976940346585,4,0,"[0, 4, 6, 18]",661,False,11,0.7051851851851851,0.25,0.25,0.25,0,"[0, 13, 19, 9]",13,-351.3623612370514,0.35354950510987415,0.49999616,0.14644665489012587,0.06021455369943112,0.09054729110921515,0.49784223753024526,0.10554483565689265,19.286705870151124,0.0025,0.05,0.05,0.05,0.1,1,0.5,0.0,0.0,0.0,,0.0,0.5,2.0,1.0,0.0,0.15,0.0007960361293095926,0.18543749080535618,0.0006143369267197642,0.1902412535101169,1.0,0.08031685700846,0.07748412166691725,0.06799653218532577,0.07522506571890662,0.7728672372027812,0.03337580208726314,0.1041126221581522,0.02764008085130075,0.10445165818235827,0.5490484122404271,0.024486297941617753,0.11737647533616788,0.020054858861219035,0.11848985144177646,0.6228399427334264,0.00908684054116457,0.09683138679767955,0.007571576236848563,0.09878042070964403,0.5192376463414701,0.08628993542597269,0.0893951026147505,0.07234531315768752,0.08641021452937558,0.8222966746651021,0.07416969625966016,0.0660695903736416,0.06338873639103275,0.06442390927763386,0.7204937662230599,0.06635547072906053,0.09316231352917564,0.05545650870906348,0.09134156408030807,0.6303338904706016,0.09317367405448523,0.014775440704162326,0.0829238374332155,0.014211040663302907,0.9425350834155158,0.09698479203061958,0.01805164384861592,0.08610262274021643,0.01731580006963515,0.9786660291994362,0.08600921376073159,0.08255260178210277,0.0725177402426218,0.07981220250043543,0.8242565282115869,0.09534494755161338,0.009919120076994805,0.08518866087399203,0.00952674258172871,0.9682776879156142,0.09272292284219422,0.031423929548269565,0.08146420003690771,0.030235830246361724,0.92594444437046,0.0986874168279578,0.01275294264792613,0.08797957645536107,0.012217521882111506,1.0,0.09228573321913547,0.09699900483794274,0.07688835943300504,0.0933538667689286,0.8739341848504638,0.09473099495570242,0.04575786720468335,0.08228560077940801,0.043963393088214286,0.9352807105312441,0.09561914249587614,0.01380402769842224,0.08517507034453388,0.013253981833703327,0.9681232142297237,0.09804204204727412,0.03946685103868808,0.08558479542857353,0.03782647331835191,0.9727802619281465,0.0657540219029776,0.0924770983723303,0.05498903338813887,0.09070694335368303,0.6250204377380597,0.09661450028746438,0.011066861501771266,0.0862391795066823,0.010618886225277551,0.9802181708664873
Proposed,binance_vision,ftx_k20_q99_minutes_spikein_compact_alpha_2_seed_7,crypto_spikein_compact,2.0,5729,20,2,119.96303333333321,1.1939094571077604,1.1939094571077604,4,0,"[0, 4, 6, 18]",729,False,7,0.8400621118012422,0.25,0.25,0.25,0,"[0, 13, 11, 19]",13,-240.59988452434624,0.35354950510987415,0.49999616,0.14644665489012587,0.01900990913427042,0.07981801652096707,0.3170748665286888,0.09425133119402762,19.347951114602967,0.0025,0.05,0.05,0.05,0.1,1,0.5,0.0,0.0,0.0,,0.0,0.5,2.0,1.0,0.0,0.15,0.0008127299364930769,0.2413730778512401,0.000627979269111862,0.28052090995574863,1.0,0.09684437944231812,0.04763808695999989,0.08783966161786204,0.05219405072758189,0.9336627913620076,0.07387737466220123,0.09543772651599342,0.06456092949638331,0.10608734394337786,0.6862291650069559,0.06097988269762568,0.13869791428312397,0.0514613056072098,0.15541357794280916,0.5540178019789156,0.03109270968448031,0.10473423144520214,0.026970717084614976,0.11952427401285703,0.4260797315669326,0.0932155521610826,0.08119351386394759,0.08237487738009246,0.08916476832333971,0.8755766647575591,0.078727636280625,0.1239579152225169,0.06724101667336431,0.13737250648866137,0.7147162701331072,0.08448248976935727,0.09471840779780913,0.07386399218157572,0.10459109295855312,0.7851130098999354,0.09525499034540348,0.04785785419800605,0.08637532208670114,0.052488648286955666,0.918098075959149,0.0973520368636911,0.014946559081841261,0.09050091512751188,0.016371005638453687,0.961949710215943,0.09066522159744836,0.08486203216371412,0.07989585319057049,0.09334115725732589,0.8492266925239189,0.10074473143921539,0.012398683297975336,0.09383153476885425,0.013551092436997463,0.9973514362019696,0.10017272704170876,0.01971006131665334,0.09279939732639367,0.021550126432724567,0.9863806707430891,0.10067147779179919,0.007870537110636774,0.09408071354083136,0.008602511355086983,1.0,0.0943144854278771,0.02827730860197647,0.0868046842770117,0.031032050033058957,0.9226618401372791,0.10090451926956871,0.05003414451047175,0.0913546679162258,0.05468172438412024,0.971024394671258,0.09663406557007498,0.006033966520619302,0.09043247013273935,0.006611987205282331,0.9612221966566117,0.0987201671967566,0.030800020123362727,0.09069276560213967,0.0337060216051185,0.9639889217334505,0.08117701942247141,0.10986825943160847,0.0701228563586935,0.12156876541850134,0.7453478371872673,0.10089984608690003,0.015738175365425457,0.09374092624053613,0.017198971471869134,0.9963883426527398
Proposed,binance_vision,ftx_k20_q99_minutes_spikein_compact_alpha_2_seed_8,crypto_spikein_compact,2.0,5831,20,2,119.98535000000004,1.2149399905905176,1.2149399905905176,4,0,"[0, 4, 6, 18]",831,False,8,0.8742236024844721,0.25,0.25,0.25,0,"[0, 9, 13, 11]",9,-106.95825474716777,0.35354950510987415,0.49999616,0.14644665489012587,0.08184818396246409,0.12879305602279237,0.495511886044851,0.11711629288859293,19.105821258651538,0.0025,0.05,0.05,0.05,0.1,1,0.5,0.0,0.0,0.0,,0.0,0.5,2.0,1.0,0.0,0.15,0.0007849494081680568,0.19074857907698856,0.0006172403522135674,0.199948600234585,1.0,0.08341884315685122,0.06546947799364505,0.07283963225667597,0.0648750153564719,0.7991690311148312,0.045093543713157276,0.09300125645798488,0.03851513276508175,0.09462946794271113,0.4732689692835525,0.02749820233250591,0.10370585701653368,0.02328240310460273,0.10678783813951405,0.5340764477182022,0.015361293526267321,0.09508569692065025,0.013098049583217582,0.09870984311616265,0.49367608975683575,0.08559614791544135,0.0962180176851796,0.07291710163018357,0.09520367440224149,0.8000189959244965,0.07334490537976494,0.09965588430520361,0.06230608747017514,0.09945002318806566,0.6835989421340345,0.06642875309759277,0.10901428937545454,0.05600029341807489,0.10931452762672766,0.6144141430500887,0.09510912363895138,0.02640341835039542,0.08562426128157588,0.0259506975583328,0.9394371691387623,0.10078775447311099,0.020568983937922516,0.09114421282699801,0.020135881697100982,1.0,0.08547607331589951,0.0878938686060495,0.07330817195491317,0.08697505646797751,0.8043096723437652,0.09698541852238957,0.010397498676100257,0.08838870835175687,0.010205455221346771,0.9697676419623986,0.09643476153825765,0.036994113814074525,0.08611046335901665,0.036326242572236024,0.9447715953448851,0.09704757288290854,0.010728540550804029,0.08842277008839071,0.010529987699863762,0.9701413545172318,0.09293773763173696,0.06843150341312865,0.0809625915711126,0.06736159064991337,0.8882910835467823,0.09459434320840956,0.030368135566858773,0.08490018706677073,0.02985948805758867,0.9314928993673011,0.09678812910173204,0.0214279156781838,0.08746916833225643,0.021035912037919675,0.9596787949475494,0.09777953152918151,0.04299260347956217,0.08690369554903281,0.04217515584415198,0.9534746403919886,0.06616695083518478,0.10327045222443759,0.05604186355152341,0.10356914243497548,0.614870234908904,0.0954280605362185,0.012840004128806622,0.08680802420021679,0.012616458465902685,0.952424970359755
Proposed,binance_vision,ftx_k20_q99_minutes_spikein_compact_alpha_2_seed_9,crypto_spikein_compact,2.0,5759,20,2,119.96148333333349,1.2001768901101435,1.2001768901101435,4,0,"[0, 4, 6, 18]",759,False,9,0.7274074074074074,0.25,0.25,0.25,0,"[17, 0, 19, 11]",17,-197.2887253019265,0.35354950510987415,0.49999616,0.14644665489012587,0.020291022389807095,0.05219455563926878,0.42212335572320436,0.10259222941241908,19.24714534134016,0.0025,0.05,0.05,0.05,0.1,1,0.5,0.0,0.0,0.0,,0.0,0.5,2.0,1.0,0.0,0.15,0.0007925454079856508,0.21825393547876493,0.0006098585984211964,0.24106635941229726,1.0,0.08669105902140542,0.08903962222055171,0.07447252687724652,0.09304456065255208,0.8300513539210719,0.05596967570447423,0.10300060687819326,0.047540518979254806,0.1098263412158128,0.5298742207295419,0.0495311596959139,0.12587676442724666,0.04128526619445534,0.13477858413965457,0.5590932906119096,0.01623523743714736,0.1015956788060563,0.013805517258940603,0.11112398930048305,0.46096846350272797,0.09118577973025033,0.09026871333186214,0.07825545765564337,0.0940472928583418,0.8722149133713069,0.07939778099718518,0.09284541846499228,0.06799816603129302,0.09749370524068976,0.7578898171597994,0.07561809038733894,0.1051544631696919,0.06411585918980836,0.11069921653939227,0.7146186380386307,0.09775915608694705,0.0365941646959389,0.08753245115471113,0.037960254248117845,0.975613862448337,0.09732962980636298,0.03835964356359392,0.08703011768948093,0.03980606090720219,0.9700149847088793,0.09164223092095611,0.033111350864695584,0.08227879979733717,0.034487574101712035,0.9170580351510376,0.09791289803043213,0.012773282502769922,0.0892923925720334,0.013247961640770993,0.9952297102988878,0.09595139502992153,0.01185702870457524,0.0875601326811667,0.012313598194504389,0.9759223935198142,0.09811719642256686,0.02412925608315651,0.0887054137651542,0.025023981185435445,0.9886873976662555,0.09360612545052639,0.0689247395462643,0.08172014971885667,0.07169417655242388,0.910831467133879,0.09641961612187475,0.028724880351518343,0.08686172852138546,0.029822398357931032,0.968138162975763,0.09663503601765346,0.01095111927622299,0.08824740364824629,0.011368003642296922,0.9835825364027778,0.09883450359671749,0.01870936807555855,0.08972038479962287,0.019393280524127268,1.0,0.0770460061862539,0.11146239856706149,0.06498752957004046,0.11722363074266155,0.7243340486688776,0.09759973989391306,0.006757539132711229,0.08941156497834213,0.007010270225033591,0.9965579748462912
Proposed,binance_vision,ftx_k20_q99_minutes_spikein_compact_alpha_2_seed_10,crypto_spikein_compact,2.0,5740,20,2,119.95941666666657,1.1962378943434353,1.1962378943434353,4,0,"[0, 4, 6, 18]",740,False,10,0.794074074074074,0.25,0.25,0.25,0,"[19, 0, 16, 8]",19,-248.33549238572618,0.35354950510987415,0.49999616,0.14644665489012587,0.046198495396355545,0.08956212884106353,0.46290666128171537,0.10700156166905495,19.190127776384355,0.0025,0.05,0.05,0.05,0.1,1,0.5,0.0,0.0,0.0,,0.0,0.5,2.0,1.0,0.0,0.15,0.0008101553610387934,0.20155363272558824,0.00062502725358465,0.21450382725536402,1.0,0.08707330422961707,0.07709622119569373,0.07468606837105606,0.07744161702686335,0.8510942883656731,0.05226036989592641,0.11074933536838469,0.04360654178405013,0.11391231579084733,0.531050271915364,0.0317137019755371,0.11732693450982573,0.026317278283482792,0.12235050987684092,0.5703884701841904,0.01441726257076214,0.09762645171814367,0.01216076013485819,0.10297903288080747,0.48008016546116106,0.09091067327223129,0.05139964063585306,0.07959587992086606,0.05149257577252927,0.9070446504363392,0.07777302729816894,0.09888068815196772,0.06553234823234921,0.09995921831206746,0.7467819434093754,0.0649070186989741,0.11490939065464809,0.053971530925267665,0.11718682554600972,0.615039226280229,0.09820311023394492,0.04027740160604728,0.08673848037804707,0.0401457110476837,0.9884390334286655,0.09560467647729076,0.017187599049510987,0.08596994124538308,0.017162649885742315,0.9796810511106496,0.08920001769402697,0.07657949208210604,0.07654055129197052,0.07681166836586513,0.8722272768371034,0.09516445551365933,0.012931942163330627,0.08585688546681038,0.0129174667479659,0.9783927100651427,0.09472402214814829,0.04217931707273319,0.08353716406095718,0.04214420961596817,0.9519580391528583,0.09527931241569886,0.006499699147643764,0.08638582891223173,0.006491679516009286,0.9844203502272943,0.09589738722867579,0.05898612851151478,0.08345701417368084,0.05888839629719798,0.9510446812433867,0.09375003121177429,0.015971265626887,0.08438239233134438,0.01596871255709914,0.9615899419826842,0.09610720228112692,0.0046596343024489905,0.08725601298831286,0.004651320592888301,0.994336640013763,0.09649364575648536,0.04547206511713184,0.08488148590275518,0.04537835014621415,0.9672774242300745,0.06860002524336933,0.11069743211314415,0.057240499098652156,0.11260452836212353,0.6522911556145482,0.09731018118366679,0.013540550297655952,0.0877529897591877,0.013504064918760657,1.0
Proposed,binance_vision,ftx_k20_q99_minutes_spikein_compact_alpha_2_seed_11,crypto_spikein_compact,2.0,5851,20,2,119.99183333333326,1.2190412958659693,1.2190412958659693,4,0,"[0, 4, 6, 18]",851,False,11,0.8400621118012422,0.25,0.25,0.25,0,"[0, 11, 19, 13]",11,-104.53758149464333,0.35354950510987415,0.49999616,0.14644665489012587,0.05268443131164672,0.08245001452874187,0.5049994727237445,0.10064587672886849,19.301275016317557,0.0025,0.05,0.05,0.05,0.1,1,0.5,0.0,0.0,0.0,,0.0,0.5,2.0,1.0,0.0,0.15,0.0008039609692533483,0.20696115789042135,0.0006148392243108881,0.22304240034620787,1.0,0.08636662247453583,0.07572434873453923,0.07390983986046691,0.07712134029511683,0.834194170250878,0.056259653622294306,0.11543599316265679,0.046595958216594464,0.1199603969069071,0.5378367374127242,0.02784926724883439,0.1239145617886849,0.022904349099434798,0.13121980997270905,0.5883177806956381,0.016159912051831572,0.1051988716127575,0.013499712490033103,0.11224994783510217,0.5032673055027522,0.09049555381088187,0.07352255640655478,0.07758585939327761,0.07466182180133686,0.8756841000056746,0.08481669628648714,0.0907442316418572,0.07171079238276483,0.09251506554085279,0.8093743006710337,0.08157540954785801,0.10591881840549039,0.06810288789791269,0.1082179683685742,0.7686531613238561,0.0961730537990267,0.007943814762932298,0.0868118425975392,0.008035365146741991,0.9798145029176167,0.09629289956166048,0.012494200775509124,0.08662292968866009,0.012638097634382594,0.9776823098622724,0.0865408859580055,0.0775964030226047,0.07395130740574364,0.07901150801617697,0.8346621997390999,0.09864890494030906,0.014640013103869141,0.08860028335877611,0.014785737116592815,1.0,0.09414049727222554,0.027598675007314465,0.08370733320929825,0.027957756769856054,0.9447750056321553,0.09770595179811004,0.010704356105044487,0.08801998587753249,0.010816723822347602,0.9934503879756933,0.09066166897906557,0.0542979144468521,0.07893869407091415,0.055131302918308436,0.8909530655930464,0.09395820654362941,0.039192954409503204,0.08278832920697024,0.03970717218588679,0.9344025331355763,0.0962014052481164,0.00789309187502572,0.08685191479770067,0.007984248053380707,0.9802667836400067,0.09781970187960434,0.038127481495627474,0.08625843830292675,0.038523701064519016,0.9735684247603775,0.06506038375246488,0.1157373392844107,0.05387566844052258,0.11957290264404934,0.6080755771667185,0.09804836762526271,0.006720534001215833,0.08859224800037181,0.0067899470827019704,0.9999093077572703
Proposed,binance_vision,ftx_k20_q99_minutes_spikein_compact_alpha_3_seed_7,crypto_spikein_compact,3.0,6125,20,2,119.98766666666664,1.276172828874079,1.276172828874079,4,0,"[0, 4, 6, 18]",1125,False,7,0.8850931677018633,0.25,0.25,0.25,0,"[19, 0, 13, 16]",19,315.57938681103326,0.35354950510987415,0.49999616,0.14644665489012587,0.04964299305504945,0.082747624265282,0.515148775062947,0.104093240483627,19.25674838105325,0.0025,0.05,0.05,0.05,0.1,1,0.5,0.0,0.0,0.0,,0.0,0.5,2.0,1.0,0.0,0.15,0.0008168719468194926,0.18970408944637418,0.0006275512208785979,0.1962280897886058,1.0,0.08937192349893358,0.06770686302134823,0.07622046130815062,0.06588045073658569,0.8754191900226248,0.036351470917688776,0.10247165416572607,0.030126506993796112,0.10347667397404156,0.5273285495747105,0.023696152415301302,0.12368307694013717,0.01929000216354856,0.1259799575813658,0.6420077661515358,0.00933965618821482,0.11361076989724925,0.007668050795062139,0.11684870722310206,0.5954739066612827,0.08695047699136094,0.07041191130488103,0.07398829793936788,0.0686326168732475,0.8497819974005828,0.06378829366461906,0.1082520296477349,0.05260759241307513,0.10725434011374156,0.6042169667945827,0.07500106719149335,0.10130846959033715,0.06221283168380044,0.09958814787151209,0.7145365665193443,0.09636763578569851,0.023563076726182935,0.08512828072717869,0.022813788797208138,0.9777286739438338,0.09651240431504168,0.043528973660206485,0.0839232711160504,0.0421401527809908,0.9638887086689109,0.0906943765937454,0.061454647027992595,0.0777419289508093,0.059740255803635914,0.8928937886871104,0.09448154443786504,0.014064135565992203,0.08408633744988485,0.013635110154987912,0.9657615836874467,0.09307761275446658,0.028611720121294447,0.08190470226068103,0.0277671938710577,0.9407047252339616,0.098446424977609,0.022429403403426904,0.08704569602417203,0.02168370679560889,0.999750872673972,0.09239190676468982,0.037147307443608085,0.0807486081154675,0.03606864100180348,0.9274265715358221,0.09541351357734332,0.0436738200023346,0.0829634731778642,0.042315885516181435,0.9528650869377933,0.09731284628797494,0.014439069593629752,0.08658345411715557,0.013970274049996168,0.9944418594655778,0.09739731434560564,0.020119111119082572,0.08627764518993365,0.019464774131918394,0.9909295348381005,0.05846628810435098,0.10480105633122727,0.048356755601946036,0.1042186767709415,0.555394589518849,0.09730439046828815,0.007091745290039475,0.08706738688945205,0.00686139030174239,1.0
Proposed,binance_vision,ftx_k20_q99_minutes_spikein_compact_alpha_3_seed_8,crypto_spikein_compact,3.0,6084,20,2,119.97626666666656,1.2677507329227349,1.2677507329227349,4,0,"[0, 4, 6, 18]",1084,False,8,0.9274074074074075,0.25,0.25,0.25,0,"[0, 13, 19, 17]",13,245.49275784006858,0.35354950510987415,0.49999616,0.14644665489012587,0.07057322001845552,0.1081578188439284,0.49025117119325873,0.10383279365455556,19.25602607280008,0.0025,0.05,0.05,0.05,0.1,1,0.5,0.0,0.0,0.0,,0.0,0.5,2.0,1.0,0.0,0.15,0.0008245918796298545,0.19709979338088846,0.0006223856133411887,0.2078478389553859,1.0,0.08901642971301496,0.06002175658393322,0.0756450003314786,0.05962352292860704,0.8597865214046692,0.04995455961083875,0.11295169509025924,0.040619543037315554,0.11526311783878769,0.554555286300228,0.03873512508142625,0.11123917654081404,0.03154222284127533,0.11438247758352536,0.5503183394082694,0.009148852416110808,0.11177288949243513,0.007446584197827377,0.11722159137917401,0.5639779175396449,0.08964329938979933,0.07349062258173603,0.07534217823752623,0.0729748006935209,0.8563446236768237,0.06902264407793138,0.10612431802156747,0.056450236549373624,0.10689460228157552,0.6416174539305203,0.07099133372601255,0.11294363726777351,0.057724965684283036,0.11361237695074725,0.6561061170785706,0.09522029529064428,0.04383054013203205,0.0819873093609004,0.043353022111393816,0.9318736625796926,0.0952953950132572,0.007513076437909657,0.08445168390859413,0.007431036846216057,0.959883921162745,0.08966446024812033,0.06941846195458361,0.07561291240268693,0.06893059135456012,0.8594218076951844,0.09686790934958277,0.01465168244797825,0.08536532400298878,0.01447495543314019,0.9702684202721795,0.09582075174785275,0.017961619609180243,0.08422383978488855,0.01775864685507383,0.957294228444325,0.09917457781551602,0.006166137870026267,0.08798114235135275,0.0060819426626580785,1.0,0.09717696557010222,0.03558677138273115,0.0842283479148655,0.03515103577887378,0.9573454681742996,0.0952099606083287,0.03648283892891213,0.08246321303543698,0.0360871730864772,0.937282818017071,0.09666389904152321,0.007527682463610087,0.0856624933100271,0.007438263109653017,0.9736460680168697,0.09857230003465556,0.028509665923762945,0.08591964529769898,0.02813230063812642,0.9765688760277608,0.04810136034107985,0.12714074615065296,0.03863844156293271,0.12990500389604606,0.6250005030070575,0.0970861670071123,0.005598279051831399,0.08616661644897965,0.005529785490231193,0.979375967919048
Proposed,binance_vision,ftx_k20_q99_minutes_spikein_compact_alpha_3_seed_9,crypto_spikein_compact,3.0,6158,20,2,119.99225000000013,1.2829995270527874,1.2829995270527874,4,0,"[0, 4, 6, 18]",1158,False,9,0.8740740740740741,0.25,0.25,0.25,0,"[0, 13, 16, 19]",13,379.42848014431837,0.35354950510987415,0.49999616,0.14644665489012587,0.07120739620657225,0.11145037785630925,0.4827031515416597,0.10419951021223173,19.246847674709173,0.0025,0.05,0.05,0.05,0.1,1,0.5,0.0,0.0,0.0,,0.0,0.5,2.0,1.0,0.0,0.15,0.0008223503808422294,0.20202460171665743,0.0006075839200226004,0.21205376702423528,1.0,0.08988449911758419,0.0651397846122532,0.0749386402699064,0.06435215634691542,0.8744240167586349,0.0634378014309469,0.10229816300995678,0.051256356310808854,0.10293649908733643,0.5980864986111559,0.030773995318502896,0.12576164198134687,0.024363747663167172,0.12939124854532796,0.6101813250529996,0.008840822867507961,0.1042858555489569,0.0071308040155706786,0.10888026535159877,0.5134559356314335,0.0890776327288733,0.07332710890842217,0.07375975443644961,0.07248073061705701,0.8606681481963239,0.057202845612861555,0.12216301712129982,0.04543033313906213,0.1234573502775192,0.5821983358749268,0.07739827684226601,0.08485060620743531,0.06347191966802476,0.08456541918329176,0.7406242059850086,0.09334562067657734,0.024707432893690075,0.08043855205610644,0.024349999032436325,0.9385999203857318,0.09650980857874,0.013470297330371705,0.0839188675591841,0.013246887784512969,0.9792100976030869,0.0897772252372144,0.054945040477551874,0.07548394578471758,0.05428556382653612,0.8807869322973267,0.09575713978881822,0.010146560103537993,0.08348796265981957,0.009982123484965726,0.974182069451172,0.09606354372946696,0.022665315016283577,0.0829177477700758,0.022292968869063574,0.9675284980424903,0.09825125053789183,0.00958246779979648,0.08570057413072121,0.00941116315588992,1.0,0.0938313038065222,0.04774790974529,0.07936208889713743,0.04703969537595749,0.9260391742076834,0.09482977496053105,0.04518310367753556,0.08037368003277585,0.04448063983159633,0.9378429590235869,0.09828631466412913,0.01216073270221261,0.0855552046959633,0.01194263611780893,0.9983037519149384,0.0965255037761598,0.015777599107695585,0.08377591970295682,0.015514086419412121,0.9775421057876618,0.04778189161677063,0.12100057621811547,0.03798555156854502,0.12307122434062147,0.5803774489257522,0.09673371050804383,0.010705118206990879,0.08429984422246588,0.010524653831398395,0.9836555364714504
Proposed,binance_vision,ftx_k20_q99_minutes_spikein_compact_alpha_3_seed_10,crypto_spikein_compact,3.0,6156,20,2,119.97741666666649,1.2827414048060455,1.2827414048060455,4,0,"[0, 4, 6, 18]",1156,False,10,0.9161490683229814,0.25,0.25,0.25,0,"[0, 9, 13, 12]",9,345.72244058750124,0.35354950510987415,0.49999616,0.14644665489012587,0.06327448896631531,0.09618443808135704,0.5033880956544481,0.10114245691597001,19.289909339336017,0.0025,0.05,0.05,0.05,0.1,1,0.5,0.0,0.0,0.0,,0.0,0.5,2.0,1.0,0.0,0.15,0.000818618215123221,0.19527412164213137,0.0006161872263136702,0.20844103392855948,1.0,0.09204265769459502,0.0697150492095533,0.07729073102785784,0.07000907675408605,0.8797977272814688,0.04236800069486861,0.0977087885957357,0.03475560224662017,0.10148009311708012,0.4868527621670747,0.04703641264109438,0.10783428619519374,0.038254275793429486,0.11164923899160445,0.5356394414636746,0.00962785439470192,0.11876695281727256,0.007757227656605968,0.1260508873410387,0.6047316354429572,0.0858449984373217,0.07942971706498408,0.07150713662145464,0.0801051242015171,0.8139632714987003,0.06129471045128598,0.14885704533275962,0.048106724642831396,0.1526544674884987,0.7323628395588322,0.07716403177032297,0.0881881764146989,0.06380809046071566,0.08946740549884971,0.7263252944169224,0.09484906061264828,0.014031494084258331,0.0833079000807321,0.01406291251360246,0.9482909552143123,0.09959563986471295,0.008566006527112556,0.08785056909237804,0.008557146167497698,1.0,0.09118285924965838,0.0621864059809463,0.07704308895831574,0.06248752718974128,0.8769788261394432,0.09787977546300769,0.008201918388742159,0.08636406909849204,0.008203403069932204,0.9830792218053489,0.09993593420529664,0.03219267458241788,0.08651423266949279,0.03215199357026385,0.9847885285583063,0.09851410445623748,0.006094168170152829,0.08706788716899173,0.006092378606991882,0.9910907586430853,0.09771064879169819,0.04180307278816905,0.08393902642672837,0.04181427865440987,0.9554750446575191,0.0954089040688729,0.021383889858841536,0.08331121836407156,0.021423953624383596,0.9483287271191927,0.09724790987015736,0.006672218273942328,0.08590731390186415,0.0066762633469463675,0.9778799931452865,0.09732527250425457,0.031401393431452464,0.08431164212191178,0.03141847171250509,0.9597165162727068,0.05758845323797361,0.13388087434660179,0.0457955220562621,0.13763466346207612,0.660305031442363,0.09735379137323297,0.008972746945500354,0.08584871304269434,0.008976839418178898,0.9772129415851744
Proposed,binance_vision,ftx_k20_q99_minutes_spikein_compact_alpha_3_seed_11,crypto_spikein_compact,3.0,6239,20,2,119.98933333333355,1.2999072139745733,1.2999072139745733,4,0,"[0, 4, 6, 18]",1239,False,11,0.8770370370370371,0.25,0.25,0.25,0,"[0, 11, 9, 8]",11,468.673483598996,0.35354950510987415,0.49999616,0.14644665489012587,0.06302608986268558,0.0973326122940152,0.5032475277655807,0.10850590716827702,19.226149845141023,0.0025,0.05,0.05,0.05,0.1,1,0.5,0.0,0.0,0.0,,0.0,0.5,2.0,1.0,0.0,0.15,0.0008133882223903186,0.2003774949055219,0.000601257016341537,0.21412147811559615,1.0,0.08414828937978275,0.07244668677654031,0.06966791749918061,0.07323513964333314,0.7972283797997491,0.054887132955671394,0.10127724713596722,0.04434433659987998,0.10442070865268965,0.5074439554079225,0.04672507699166621,0.11390246095389459,0.037345493410168996,0.11808970163580326,0.5515079695650665,0.014245377007286323,0.11725357286899411,0.011352134420736968,0.1242004964651501,0.5800468853390733,0.09227492751903439,0.05200443056824358,0.07770770245532721,0.05227255098284343,0.889229762424722,0.06538401672103872,0.12154031994603191,0.0519152024061721,0.12444297646935115,0.5940793723557964,0.07711713958013983,0.08415241351849145,0.06322128123326883,0.08547293543803078,0.7234578184004996,0.0965750222220751,0.004895615687088451,0.08446930931868515,0.004906087281020471,0.9666046155568127,0.09810290647124117,0.009891895548402899,0.08547217107623457,0.00990335487906011,0.9780806275122964,0.08628619823765567,0.10237541357683476,0.0696524986560645,0.10332815889314374,0.7970519379057311,0.10096900564257882,0.018274776902986675,0.087387653606461,0.018260979522705237,1.0,0.09674524156338174,0.01385294766569211,0.08403098657021126,0.013882048197707431,0.9615887725814671,0.09646557802507341,0.008213669787141685,0.08416332887966231,0.008232152386417358,0.9631032005811826,0.08930264712488861,0.06347662606641497,0.07449721250815793,0.06393253283320323,0.8524912780430802,0.09481776302376363,0.018414811233065848,0.0820549806252821,0.018477776360874918,0.9389768146746004,0.0957056761441822,0.015114867833345596,0.08304228901313701,0.015156992255858493,0.9502748453129,0.09566669227685162,0.013238467341500089,0.08312860317707271,0.013275233696251528,0.9512625610870802,0.06011997697916113,0.12891654406998665,0.047423879271861605,0.13245650890183994,0.6186044952965047,0.09609128203486639,0.007283195837415695,0.08389156997687074,0.007301995109897025,0.9599933916828294
Proposed,binance_vision,ftx_k20_q99_minutes_spikein_compact_alpha_4_seed_7,crypto_spikein_compact,4.0,6624,20,2,119.97786666666673,1.3802545802892527,1.3802545802892527,4,0,"[0, 4, 6, 18]",1624,False,7,0.9580745341614907,0.25,0.25,0.25,0,"[19, 0, 13, 17]",19,1134.7437995446166,0.35354950510987415,0.49999616,0.14644665489012587,0.07483805857862527,0.0991120644263945,0.5230181571965972,0.08901946880925204,19.445039146691443,0.0025,0.05,0.05,0.05,0.1,1,0.5,0.0,0.0,0.0,,0.0,0.5,2.0,1.0,0.0,0.15,0.0008406524601768579,0.21124750164648554,0.0006122735616499153,0.2300665439489068,1.0,0.08960609538153755,0.06336536935165829,0.07445294451620177,0.06511245665611223,0.8570931584830069,0.07408139616890101,0.09533411263753103,0.05991256820879848,0.0989914878884115,0.6897061312025506,0.04532770071443372,0.1351750815890876,0.03540665861982859,0.14305371027370134,0.6217927553406928,0.012086673011459312,0.1202016343855819,0.009566403509336331,0.12997467592669545,0.5649438362300963,0.09160096883969251,0.0618162853026446,0.07620363482550559,0.06343668518070063,0.8772468904338001,0.058539892588742856,0.1440620511824174,0.04536446624770762,0.15113979441218955,0.6569394741973205,0.08006386455839677,0.08709821114274106,0.0652014638096198,0.09007822124594705,0.7505912481693938,0.09885166925626934,0.024700904531116286,0.08477535215344098,0.02522419571345794,0.9759234481705452,0.10002863679717267,0.024557347370670148,0.085798057101027,0.025057446482934505,0.9876967019944011,0.0918931123500515,0.05570011347560309,0.07684172905891976,0.05714735080367944,0.8845925529254659,0.09602166886168137,0.008099220270031104,0.08345558581210642,0.008286614555750896,0.9607304600448997,0.09710747561684101,0.0164280978368192,0.08384657250669968,0.016796062130242102,0.965231450881076,0.09880883076743113,0.006989244370122097,0.08595569196279633,0.007137485508342227,0.9895113751740697,0.09849994917652183,0.02522623784926118,0.08444050049934677,0.025766941835800757,0.9720686770302526,0.09808070959482948,0.019772417775018123,0.08445829498751375,0.020202708866645804,0.9722735249938319,0.09731644736989722,0.005669619594015114,0.08474813289244196,0.005795713392637364,0.9756101033789749,0.09864663758609582,0.006467535030063677,0.08585479292454057,0.006605416766868123,0.9883498378306043,0.04480031643604816,0.14257846862217227,0.03476182473442348,0.15093724978685433,0.6560591001026838,0.09990531269741132,0.007558610687101994,0.08686680529334537,0.007712991849372118,1.0
Proposed,binance_vision,ftx_k20_q99_minutes_spikein_compact_alpha_4_seed_8,crypto_spikein_compact,4.0,6540,20,2,119.9815833333332,1.3627091379996528,1.3627091379996528,4,0,"[0, 4, 6, 18]",1540,False,8,0.9239130434782609,0.25,0.25,0.25,0,"[0, 13, 17, 11]",13,1017.1029633821819,0.35354950510987415,0.49999616,0.14644665489012587,0.06630054998598998,0.09858939764780615,0.5103986353600372,0.10225610922365069,19.270890010168028,0.0025,0.05,0.05,0.05,0.1,1,0.5,0.0,0.0,0.0,,0.0,0.5,2.0,1.0,0.0,0.15,0.0007841447704624654,0.19846594782799826,0.0005957705491817117,0.21382540129378147,1.0,0.09463683347954752,0.0702107448202938,0.08031456217063347,0.07107431047624592,0.9094590216159453,0.058646589296645874,0.09185425006460005,0.04889265108290691,0.09527765441918667,0.5536463303329688,0.044943523821613984,0.10667606041916544,0.037006486870637616,0.11166704871649205,0.5222347206685195,0.012941636303900396,0.1180026343630841,0.010554566401643439,0.12613918655985912,0.5899167535598472,0.08957998100503031,0.060723761764966036,0.07661280089603663,0.061686712470159014,0.8675413407363797,0.0641565181362159,0.1292795332638373,0.05182138809016587,0.13360576654142167,0.6248358040392801,0.07848927311558591,0.10717515658070711,0.06460160799694731,0.10969982529475733,0.7315300440646991,0.0966168235095251,0.032326656727648444,0.08453358849031505,0.03268128086771153,0.9572340632169628,0.09713478956444693,0.0165276649717114,0.08605057482417036,0.016703486825532243,0.9744119805174604,0.08930154603075932,0.09014497777029769,0.07455341270316446,0.09159238225312938,0.8442214206571568,0.0980881702199223,0.014425314300949956,0.08703795003852688,0.014568483736217231,0.9855927336977953,0.09581249770393227,0.02377717332928878,0.08439868482096918,0.024051491102926377,0.955706452833244,0.09917329726538313,0.009919519516356553,0.0883102594638392,0.01001057082076328,1.0,0.09469365063248111,0.0436480486701277,0.08210860643285794,0.0441853538683396,0.9297742632777488,0.09584521709278607,0.017368076772759145,0.0848518923282043,0.017568640255896606,0.9608384444046275,0.09595066042637873,0.009570205900610362,0.08546380079404507,0.009679776098624998,0.9677675200245597,0.09868919618913774,0.016291104689512507,0.08744365248143017,0.016446109884893974,0.9901867915724573,0.054315937858694374,0.1304358015375085,0.04382871347423793,0.13568792668036198,0.6345734690984447,0.09533063821259968,0.007768610569413404,0.085030819212957,0.00786038095657007,0.9628645610284381
Proposed,binance_vision,ftx_k20_q99_minutes_spikein_compact_alpha_4_seed_9,crypto_spikein_compact,4.0,6631,20,2,119.97716666666692,1.3817212441811815,1.3817212441811815,4,0,"[0, 4, 6, 18]",1631,False,9,0.9259259259259259,0.25,0.25,0.25,0,"[0, 9, 8, 16]",9,1182.923028331983,0.35354950510987415,0.49999616,0.14644665489012587,0.0639472883213712,0.08636289322603495,0.5307733893141381,0.09120455970516539,19.425597643338435,0.0025,0.05,0.05,0.05,0.1,1,0.5,0.0,0.0,0.0,,0.0,0.5,2.0,1.0,0.0,0.15,0.0008334593550163802,0.2083549700424152,0.0006098125083944828,0.22753426394124596,1.0,0.08878506624762011,0.056963465892706136,0.07427769534470309,0.05873426762339022,0.8485052800361679,0.0633781286862459,0.1127132870437085,0.05057343694391138,0.11820217087221592,0.5777215902747466,0.06435494908102214,0.11052351525225595,0.051450088309279794,0.11582873091637301,0.5877359466547343,0.012627938119021867,0.12095096484785142,0.010004306828484104,0.13109273494444207,0.5761450283298559,0.09346131653556025,0.08960776381251938,0.07607421761003479,0.09210236844507469,0.8690277076742676,0.05359062642097926,0.14590301186829596,0.041530096471797076,0.15400306052337792,0.6768345912207081,0.08285693880002276,0.06142897063418004,0.06906266763209055,0.06359572694659103,0.7889318303060501,0.09888456804952878,0.007668544370895033,0.0861033223354228,0.00785342814897611,0.9835943790557089,0.10103651804113914,0.013943226414244614,0.08753946155943422,0.014259687621181181,1.0,0.09200147867342187,0.058981910173735635,0.07684008283627314,0.06068474452836383,0.8777765075023128,0.09686082196021678,0.006531100788870527,0.0844224527272846,0.006697267194248255,0.9643931002473285,0.09633060814641688,0.010630306257149958,0.08368309655621735,0.010904579712577248,0.9559471244794141,0.09698427850745416,0.02261042679860883,0.08344814429959757,0.02318512402780054,0.9532631662686333,0.09578875221351062,0.05416324445643042,0.08032445575906909,0.05558387559651061,0.9175799614044169,0.09699540320114786,0.012241939890077639,0.08415314227327493,0.012552478609914517,0.9613166539314367,0.09831698957988991,0.004451807012524268,0.08583228582688247,0.004560708667134321,0.9804982152946797,0.09705267911592418,0.008463099291798696,0.08445458220780387,0.008677626259250322,0.9647601287844809,0.04790268738420978,0.15022203608885182,0.036977422880244144,0.15915224923872892,0.6994649793924018,0.09828280559562255,0.007559896041022079,0.08558934820392178,0.007745025296724609,0.9777230368936136
Proposed,binance_vision,ftx_k20_q99_minutes_spikein_compact_alpha_4_seed_10,crypto_spikein_compact,4.0,6645,20,2,119.98606666666649,1.3845357599854669,1.3845357599854669,4,0,"[0, 4, 6, 18]",1645,False,10,0.9688888888888889,0.25,0.25,0.25,0,"[0, 11, 19, 16]",11,1163.0279431618067,0.35354950510987415,0.49999616,0.14644665489012587,0.10318250296368596,0.11479347120827164,0.5614595333747442,0.08267738724684848,19.48608884899826,0.0025,0.05,0.05,0.05,0.1,1,0.5,0.0,0.0,0.0,,0.0,0.5,2.0,1.0,0.0,0.15,0.0008290070203561153,0.18819632127942698,0.0006074237739956161,0.19786394220805575,1.0,0.09539944660721683,0.0566757472919459,0.07859514690206416,0.05587332434470884,0.9361433299757644,0.04309530791000851,0.10318841744555352,0.03411520498400913,0.1054631646572255,0.5330085081713878,0.048177903698668346,0.10569662567198404,0.038053665440326234,0.10765615272951304,0.5440918215220417,0.012419876174260583,0.13186970345348542,0.00958457576975743,0.13758602825107522,0.6953567523000337,0.08993244780233642,0.056778032320715,0.07408329851899258,0.05618880404673961,0.8824029027845345,0.04951807885963726,0.1547470422693635,0.0374281641950919,0.15747420520337452,0.7958711599801693,0.08154269075252049,0.07139910460458931,0.06634619579348612,0.07107236720641845,0.7902466133021117,0.09423236422714032,0.013991927975782829,0.08042088105974121,0.013804759750841777,0.9578895690425102,0.09640914441322881,0.008628548714594734,0.08263367199507121,0.008500235989450707,0.9842460243249369,0.09341591718345302,0.060284188817301326,0.07672590859737907,0.05951532689507501,0.9138789149318352,0.09790371529103717,0.008055802737520698,0.08395631778319554,0.007927795870663855,1.0,0.09486224299841316,0.03766413320785915,0.07939896679341274,0.037144475793515985,0.9457175932661618,0.09605694301184314,0.005831207302097525,0.08252047212113575,0.0057458573577515,0.9828977056167751,0.09221309968570415,0.03513330795313582,0.07734512110101548,0.03471277319953072,0.9212543277653925,0.09484604475723647,0.013732387601894462,0.08095993678997927,0.013543086467793288,0.9643102380817371,0.09690725578289991,0.006253828871005457,0.0832206449227117,0.006158716526906043,0.9912374329900507,0.09857306202419565,0.02882994370609296,0.08311305013711036,0.028357913705275628,0.9899558762419429,0.04330125012495395,0.1481258428790565,0.0329278279901929,0.1513689872216699,0.7650155229521507,0.09800000557892516,0.010138654056636602,0.08389747361772408,0.00997603086080709,0.9992991097391454
Proposed,binance_vision,ftx_k20_q99_minutes_spikein_compact_alpha_4_seed_11,crypto_spikein_compact,4.0,6672,20,2,119.96633333333305,1.3903900816618031,1.3903900816618031,4,0,"[0, 4, 6, 18]",1672,False,11,0.9451851851851852,0.25,0.25,0.25,0,"[0, 13, 11, 19]",13,1206.8993318768742,0.35354950510987415,0.49999616,0.14644665489012587,0.08966841667366808,0.10290920683582262,0.5609067307696166,0.09297730321454889,19.367121911522293,0.0025,0.05,0.05,0.05,0.1,1,0.5,0.0,0.0,0.0,,0.0,0.5,2.0,1.0,0.0,0.15,0.0007938348761714327,0.18178491141993097,0.0005916450166462294,0.18911654050966809,1.0,0.08484797199344207,0.07066115604924103,0.06977606133286221,0.06939840479929377,0.8237438772222911,0.05189009645483396,0.09023541864686882,0.041967755798007135,0.09067234178958251,0.49545189595112676,0.04267685611985382,0.0903473502993054,0.03451679663494023,0.09136777765059724,0.4831294893844904,0.008035353657502704,0.13679488636935216,0.006239911360889026,0.14162073250794183,0.7488542891397796,0.08754045893436058,0.07489532514716923,0.0717364205816078,0.07340971817056641,0.8468869709633782,0.05035562438661272,0.13737298519116015,0.03908732150901473,0.13820142113802783,0.7307738432903633,0.07410974337126983,0.06859108825265119,0.06105185745869476,0.06787130823989994,0.720749965159791,0.09503959497225226,0.011191141271435293,0.08206671336459574,0.010910572205853406,0.9688416251434966,0.09731184049814531,0.011080976020902775,0.08404153477519574,0.010786636079231525,0.9921554524721694,0.0915876037867524,0.060541095685522225,0.07596526327079585,0.05917022471234786,0.8968107300064284,0.09869059979783937,0.021893217162561335,0.0844975909202132,0.021292444763659858,0.9975394401887533,0.09605030232673714,0.02089910776506992,0.08230548719455551,0.020362193961690617,0.9716604784395,0.09791993022657652,0.009112359347485086,0.08470601513682974,0.008866029383619111,1.0,0.0958448494579961,0.047820457627932106,0.08034323863789318,0.046594944030638547,0.9484950804038043,0.09364783201548613,0.026684024171864912,0.07986947969013783,0.026042493610747907,0.942902101593621,0.09673093639347217,0.012497486534691658,0.08345026877634415,0.012170135137939474,0.9851752398167105,0.09674941380715874,0.027649155971179527,0.08244636566740056,0.026923464532066645,0.973323624470127,0.04477755305484951,0.1494819887647668,0.0343786834399982,0.1509502390571072,0.7981863387004494,0.09705671217299756,0.007566745358304531,0.08405650735858926,0.0073672956447314196,0.992332211860146
