method,dataset,session,condition,alpha1_strength,events,K,M,T,empirical_nu_base,mean_events_per_actor_mark_per_sec,ring_size,hub_actor,true_ring,n_injected_events,hawkes_sampler_used,seed,field_auc,precision,recall,f1,hub_correct,pred_ring,hub_pred,loglik_final,beta0_hat,beta1_hat,beta_gap_hat,eta_on_hat,eta_off_hat,active_mean,gate_gini,gate_effective_support,g0_hat,h0_hat,sender0_score,receiver0_score,member0_score,g1_hat,h1_hat,sender1_score,receiver1_score,member1_score,g2_hat,h2_hat,sender2_score,receiver2_score,member2_score,g3_hat,h3_hat,sender3_score,receiver3_score,member3_score,g4_hat,h4_hat,sender4_score,receiver4_score,member4_score,g5_hat,h5_hat,sender5_score,receiver5_score,member5_score,g6_hat,h6_hat,sender6_score,receiver6_score,member6_score,g7_hat,h7_hat,sender7_score,receiver7_score,member7_score,g8_hat,h8_hat,sender8_score,receiver8_score,member8_score,g9_hat,h9_hat,sender9_score,receiver9_score,member9_score,g10_hat,h10_hat,sender10_score,receiver10_score,member10_score,g11_hat,h11_hat,sender11_score,receiver11_score,member11_score,g12_hat,h12_hat,sender12_score,receiver12_score,member12_score,g13_hat,h13_hat,sender13_score,receiver13_score,member13_score,g14_hat,h14_hat,sender14_score,receiver14_score,member14_score,g15_hat,h15_hat,sender15_score,receiver15_score,member15_score,g16_hat,h16_hat,sender16_score,receiver16_score,member16_score,g17_hat,h17_hat,sender17_score,receiver17_score,member17_score,g18_hat,h18_hat,sender18_score,receiver18_score,member18_score,g19_hat,h19_hat,sender19_score,receiver19_score,member19_score,true_hub,b2_active_fraction,b2_n_pair_fits,b2_n_windows,b2_hmm_rates,b2_top10_member,b2_top10_member_scores,b2_top10_sender,b2_top10_sender_scores,b2_top10_receiver,b2_top10_receiver_scores,b2_sender0_score,b2_receiver0_score,b2_member0_score,b2_sender1_score,b2_receiver1_score,b2_member1_score,b2_sender2_score,b2_receiver2_score,b2_member2_score,b2_sender3_score,b2_receiver3_score,b2_member3_score,b2_sender4_score,b2_receiver4_score,b2_member4_score,b2_sender5_score,b2_receiver5_score,b2_member5_score,b2_sender6_score,b2_receiver6_score,b2_member6_score,b2_sender7_score,b2_receiver7_score,b2_member7_score,b2_sender8_score,b2_receiver8_score,b2_member8_score,b2_sender9_score,b2_receiver9_score,b2_member9_score,b2_sender10_score,b2_receiver10_score,b2_member10_score,b2_sender11_score,b2_receiver11_score,b2_member11_score,b2_sender12_score,b2_receiver12_score,b2_member12_score,b2_sender13_score,b2_receiver13_score,b2_member13_score,b2_sender14_score,b2_receiver14_score,b2_member14_score,b2_sender15_score,b2_receiver15_score,b2_member15_score,b2_sender16_score,b2_receiver16_score,b2_member16_score,b2_sender17_score,b2_receiver17_score,b2_member17_score,b2_sender18_score,b2_receiver18_score,b2_member18_score,b2_sender19_score,b2_receiver19_score,b2_member19_score
Proposed,hc-11,Achilles_10252013,spikein,1.0,5139,20,1,35.9518,7.147069131448218,7.147069131448218,4,0,"[0, 2, 9, 14]",139,False,9,0.7,0.75,0.75,0.75,1,"[6, 0, 2, 14]",0.0,7550.714127206126,14.135724122514745,19.99616,5.860435877485257,0.0037970784443252,4.188550554056404,0.79659734552139,0.0824940474603181,19.5862435834945,0.2673315352969557,0.1636080936041652,0.5132466719181585,0.2931022171090959,1.0,0.1812896553782474,0.1541192315229017,0.3492475986264873,0.2852936540131008,0.8555962698641385,0.1737945009355124,0.1794972359275214,0.3317601226633865,0.3332031311891847,0.9992768929217972,0.1552166989203137,0.1500609400001409,0.2994558327479645,0.2804887317815127,0.841186297961485,0.1667820672871384,0.1267742684985921,0.3244600442692593,0.2359472763214542,0.7076063791309188,0.1365696538082167,0.1637443996594454,0.262184421095267,0.3081937814860501,0.9242738004353896,0.1617176204325238,0.1788148910214826,0.3087775112599424,0.3334442470844375,1.0,0.1369387171661381,0.133918127977642,0.2657231259852629,0.2520329395123921,0.7558473169536204,0.1619952699926083,0.1238145030426623,0.3154808253410757,0.2308549172972192,0.6923343836811202,0.1542237140819861,0.1659470398346199,0.2958437711674892,0.3103325442267144,0.9306879544037524,0.1348966793351115,0.1619185214308154,0.2591452175270493,0.3049400265512403,0.9145157825260694,0.1219212814507795,0.1536772061251198,0.2349216701506344,0.2907865967119292,0.8720696165985848,0.1286596663827933,0.1550423623854487,0.2477759178650964,0.2926429417461914,0.877636799270032,0.1330145291845738,0.1524453732728468,0.2564077387401611,0.287302805427602,0.861621719192081,0.1573579152014106,0.1684017285768786,0.3015900154161866,0.3145270339108846,0.9432672378097364,0.1006324638860988,0.1214341190620442,0.1961471728691054,0.231571773686029,0.6944842375024948,0.1095367512530184,0.1346872377875383,0.2124963364645717,0.2560201050091285,0.7678048346843932,0.0835223540438797,0.100377312854033,0.1640140173635415,0.1926113321938508,0.5776417913279404,0.0864953778618961,0.1156801615226615,0.1689351937419882,0.2217449320025571,0.6650135185760307,0.1000073098717174,0.129463359442887,0.1943744196456718,0.2469466375977252,0.7405934867881869,,,,,,,,,,,,,,,,,,,,,,,,,,,,,,,,,,,,,,,,,,,,,,,,,,,,,,,,,,,,,,,,,,,,,,,
B1_static_gates,hc-11,Achilles_10252013,spikein,1.0,5139,20,1,35.9518,7.147069131448218,7.147069131448218,4,0,"[0, 2, 9, 14]",139,False,9,,0.25,0.25,0.25,1,"[13, 14, 15, 16]",,5997.194274384259,,,,,,,,,,,,,,,,,,,,,,,,,,,,,,,,,,,,,,,,,,,,,,,,,,,,,,,,,,,,,,,,,,,,,,,,,,,,,,,,,,,,,,,,,,,,,,,,,,,,,,,,,,,,,,,,,,,,,,,,,,,,,,,,,,,,,,,,,,,,,,,,,,,,,,,,,,,,,,,,,,,,,,,,,,,,,,,,,,,
B2_modular_hmm_hawkes,hc-11,Achilles_10252013,spikein,1.0,5139,20,1,35.9518,7.147069131448218,7.147069131448218,4,0,"[0, 2, 9, 14]",139,False,9,0.7125,0.0,0.0,0.0,0,"[6, 11, 12, 13]",18.0,,,,,,,0.4085225904673089,,,,,,,,,,,,,,,,,,,,,,,,,,,,,,,,,,,,,,,,,,,,,,,,,,,,,,,,,,,,,,,,,,,,,,,,,,,,,,,,,,,,,,,,,,,,,,,,,,,,,,,0.0,0.4085225904673089,190.0,4.0,"[246.25093037277023, 342.19057969997374]","[6, 13, 12, 11, 17, 18, 15, 5, 4, 2]","[0.1650000335963207, 0.03314441680873047, 0.018823600094904146, 0.01788936491489408, 0.017730317582539977, 0.0168066416109708, 0.013464675726221545, 0.012951173315100976, 0.009944580135528503, 0.009258892308917674]","[18, 17, 11, 5, 3, 8, 4, 6, 2, 10]","[3415.2294677316545, 2871.299150414408, 1351.1284715487977, 691.8439121271375, 494.6012344488232, 330.7197702651755, 327.05757335225127, 324.1501092798921, 323.59059880138096, 185.71845990164496]","[13, 12, 6, 15, 4, 10, 2, 5, 11, 9]","[5945.2889539850485, 2291.263292413765, 1705.3548046060976, 524.5994836901011, 6.139620811479145, 5.590296194565639, 5.379166983214861, 4.922695388646723, 4.809346374990109, 4.061456253764262]",3.295338303973942,3.410232422086709,0.0007439531118123463,3.9211034877282507,2.387259395754856,0.0006789808566534611,323.59059880138096,5.379166983214861,0.009258892308917674,494.6012344488232,2.096650629922415,0.007146513268209182,327.05757335225127,6.139620811479145,0.009944580135528503,691.8439121271375,4.922695388646723,0.012951173315100976,324.1501092798921,1705.3548046060976,0.1650000335963207,162.904383978559,0.9131570348945046,0.002706716014522313,330.7197702651755,0.8471941702993226,0.0037147118400288207,3.56997172303577,4.061456253764262,0.0008450391888214797,185.71845990164496,5.590296194565639,0.007150699343743002,1351.1284715487977,4.809346374990109,0.01788936491489408,3.13995362705607,2291.263292413765,0.018823600094904146,3.7518084108122047,5945.2889539850485,0.03314441680873047,4.309780976530148,3.194975618310555,0.0008235025455703313,7.017085926075551,524.5994836901011,0.013464675726221545,5.051069042878142,1.1247656591253203,0.0005289641613101448,2871.299150414408,2.2230408491846427,0.017730317582539977,3415.2294677316545,1.679325356182429,0.0168066416109708,4.5428026939652915,1.5563282043454605,0.0005900870764550983
B3_static_svd,hc-11,Achilles_10252013,spikein,1.0,5139,20,1,35.9518,7.147069131448218,7.147069131448218,4,0,"[0, 2, 9, 14]",139,False,9,,0.25,0.25,0.25,1,"[0, 1, 4, 8]",,,,,,,,,,,,,,,,,,,,,,,,,,,,,,,,,,,,,,,,,,,,,,,,,,,,,,,,,,,,,,,,,,,,,,,,,,,,,,,,,,,,,,,,,,,,,,,,,,,,,,,,,,,,,,,,,,,,,,,,,,,,,,,,,,,,,,,,,,,,,,,,,,,,,,,,,,,,,,,,,,,,,,,,,,,,,,,,,,,,,
Proposed,hc-11,Achilles_10252013,spikein,1.0,5175,20,1,35.9518,7.197136165644001,7.197136165644001,4,0,"[0, 7, 9, 14]",175,False,8,0.6753246753246753,0.5,0.5,0.5,1,"[0, 2, 6, 14]",0.0,7429.099459852077,14.134763534991963,19.99616,5.861396465008035,0.9484703120012402,3.34497850086184,0.8803827897434934,0.08951894879366,19.50758784932884,0.3096423851193356,0.1881064549838812,0.6582319108644653,0.3699143225407709,1.0,0.2038435638543151,0.1760027552357472,0.4350402467674391,0.3590086319229974,0.8822747079146864,0.1812414335507573,0.1979646184857683,0.3840342108618232,0.4069125281529804,1.0,0.1769970064508172,0.1718303219869435,0.3782481281554582,0.3537065715347791,0.8692447321302472,0.1893561753125706,0.1419184648448328,0.4085899915720528,0.2909161905018426,0.7149354477296198,0.1497849794075298,0.1826294683711813,0.3189710103164751,0.3793843472870262,0.9323486524464912,0.1774591362064525,0.197683344443956,0.3760567889641401,0.406862928183306,0.9998781065554811,0.1637067647997178,0.1627553376943361,0.3508843514197299,0.3365318420958881,0.8270373085425563,0.1832290414294647,0.1370936777544361,0.3959850460220607,0.2816125122761783,0.6920713735564932,0.1735295441340821,0.1880990228272637,0.3688767744282706,0.3876571267912437,0.9526792614394574,0.1481483485144432,0.1788776336073439,0.3158747854347655,0.3717947016098617,0.9136968657550992,0.1311105548182364,0.1648826144436661,0.2808169539039261,0.3446460063490966,0.8469781156984324,0.1390465106208198,0.1690709432198749,0.2974145059206219,0.3524791865265944,0.8662283958828577,0.1470945410855811,0.1704014477901007,0.3144876890354012,0.3542935841970945,0.8706873337256809,0.175936238306661,0.1929074079293055,0.3734174190139817,0.3972396833916169,0.9762286877593336,0.1061004726765757,0.1310284196602223,0.2297413955399788,0.2761660935692893,0.6786866327828165,0.1152128435755852,0.1457405306419515,0.2482992000057808,0.3062487600012377,0.752615706848186,0.0846208774888197,0.1059385826059059,0.1847104150484284,0.2248520924043476,0.5525809033822955,0.0879337572258902,0.119828013791388,0.1910865988548649,0.2540561589098842,0.6243507912205907,0.1027375843564982,0.132171147518869,0.2223796209253501,0.2788637748089787,0.6853162670482801,,,,,,,,,,,,,,,,,,,,,,,,,,,,,,,,,,,,,,,,,,,,,,,,,,,,,,,,,,,,,,,,,,,,,,,
B1_static_gates,hc-11,Achilles_10252013,spikein,1.0,5175,20,1,35.9518,7.197136165644001,7.197136165644001,4,0,"[0, 7, 9, 14]",175,False,8,,0.25,0.25,0.25,1,"[13, 14, 15, 16]",,6085.299870149855,,,,,,,,,,,,,,,,,,,,,,,,,,,,,,,,,,,,,,,,,,,,,,,,,,,,,,,,,,,,,,,,,,,,,,,,,,,,,,,,,,,,,,,,,,,,,,,,,,,,,,,,,,,,,,,,,,,,,,,,,,,,,,,,,,,,,,,,,,,,,,,,,,,,,,,,,,,,,,,,,,,,,,,,,,,,,,,,,,,
B2_modular_hmm_hawkes,hc-11,Achilles_10252013,spikein,1.0,5175,20,1,35.9518,7.197136165644001,7.197136165644001,4,0,"[0, 7, 9, 14]",175,False,8,0.8311688311688312,0.0,0.0,0.0,0,"[3, 13, 15, 16]",19.0,,,,,,,0.5158942463688548,,,,,,,,,,,,,,,,,,,,,,,,,,,,,,,,,,,,,,,,,,,,,,,,,,,,,,,,,,,,,,,,,,,,,,,,,,,,,,,,,,,,,,,,,,,,,,,,,,,,,,,0.0,0.5158942463688548,190.0,4.0,"[237.20618034707564, 334.5871153952432]","[13, 3, 16, 15, 10, 11, 19, 18, 12, 4]","[0.41202343920687157, 0.11371525635747058, 0.052213032011705726, 0.04972582558154967, 0.04459295593351713, 0.03806670364434124, 0.026936478135257493, 0.020512282063415935, 0.019324755342941768, 0.016137054577517167]","[19, 18, 11, 3, 13, 10, 8, 4, 15, 16]","[971.0285955107056, 372.1864991547146, 355.2190373159071, 250.296685275978, 164.84503280531464, 125.81629078776356, 94.2271241145125, 30.977852138403474, 8.212928440066092, 5.539322734096575]","[13, 16, 15, 12, 3, 10, 4, 2, 6, 5]","[1215.751450682165, 581.0024635863513, 355.4207522806362, 127.49696528216698, 60.99007778851768, 18.658316735480106, 9.923709650980022, 5.6545760229747035, 5.307396778113362, 5.131653610657338]",3.2854723090733646,4.0002898380400636,0.0033366159927934423,4.064501872098428,2.5391488006300276,0.0029567140986833684,2.1475913596114773,5.6545760229747035,0.00320728416212008,250.296685275978,60.99007778851768,0.11371525635747058,30.977852138403474,9.923709650980022,0.016137054577517167,3.3030424175794906,5.131653610657338,0.0037891983042593553,3.13499667401899,5.307396778113362,0.003754230316788769,3.215908484625749,1.1132946910517318,0.001741480042618541,94.2271241145125,1.105464071613922,0.009393379668175713,3.8405245515069524,4.849973679143009,0.003972158372454669,125.81629078776356,18.658316735480106,0.04459295593351713,355.2190373159071,4.815829748360205,0.03806670364434124,3.4578406611710397,127.49696528216698,0.019324755342941768,164.84503280531464,1215.751450682165,0.41202343920687157,4.060542099907006,4.117787014206198,0.0037634447154852872,8.212928440066092,355.4207522806362,0.04972582558154967,5.539322734096575,581.0024635863513,0.052213032011705726,3.168342268446673,1.932284637107881,0.002277262990362306,372.1864991547146,1.334578611325727,0.020512282063415935,971.0285955107056,0.8821174659802122,0.026936478135257493
B3_static_svd,hc-11,Achilles_10252013,spikein,1.0,5175,20,1,35.9518,7.197136165644001,7.197136165644001,4,0,"[0, 7, 9, 14]",175,False,8,,0.25,0.25,0.25,1,"[0, 1, 4, 8]",,,,,,,,,,,,,,,,,,,,,,,,,,,,,,,,,,,,,,,,,,,,,,,,,,,,,,,,,,,,,,,,,,,,,,,,,,,,,,,,,,,,,,,,,,,,,,,,,,,,,,,,,,,,,,,,,,,,,,,,,,,,,,,,,,,,,,,,,,,,,,,,,,,,,,,,,,,,,,,,,,,,,,,,,,,,,,,,,,,,,
Proposed,hc-11,Achilles_10252013,spikein,1.0,5191,20,1,35.9518,7.2193881808421265,7.2193881808421265,4,2,"[2, 7, 9, 14]",191,False,7,0.6558441558441559,0.5,0.5,0.5,0,"[0, 2, 9, 6]",0.0,7441.879747301149,14.134772441548751,19.99616,5.861387558451247,3.0552578724963,1.0630047680741412,0.7740580146945757,0.1007958674454183,19.393999968971475,0.3237921146251933,0.1975365352913042,0.7556379454853032,0.4289998089476483,1.0,0.2211015785982101,0.184209402398582,0.5180502336249799,0.4131678041042624,0.7962402072263579,0.2278006245335146,0.2318268561131597,0.5262309133737247,0.5188984434025268,1.0,0.1821898338632635,0.1748337994055345,0.4280698155594253,0.3968630497092765,0.7648183469330946,0.2055236081048413,0.1508458892633332,0.4863013867273733,0.3399639866099689,0.6551647840389598,0.1612770810623216,0.1932989264039964,0.3768527709151864,0.4415664730471417,0.8509689683239307,0.199757586977072,0.2188025168777701,0.4632393367762218,0.493998986188299,0.9520147775912436,0.1819429963309102,0.180454985579817,0.4267538396340735,0.4096494278338914,0.7894597354112947,0.2004341884074421,0.1496075440671863,0.4744075460548847,0.3377133956753227,0.6508275366194292,0.2026329862077359,0.2221104299603625,0.4694384576017207,0.5010249795035658,0.9655549864791252,0.1652426078798345,0.1977116870625653,0.3856265635540859,0.451098511243059,0.869338725098327,0.1425694329829865,0.1827722004452498,0.3341797499624903,0.419895560239685,0.8092056655370578,0.1559000706205839,0.1882809155319851,0.3648413680473107,0.4308105316728218,0.830240555064891,0.1569993277736753,0.1820758455724489,0.3680827149421312,0.4164767916587638,0.8026171536145636,0.1969766629317178,0.2178185323541425,0.4569243566965155,0.4922092552773645,0.9485656808870816,0.1130048505981071,0.14091552657802,0.2681749020293484,0.3266378669970895,0.6294832276914457,0.1259265823307852,0.1579765462328903,0.2973374647978859,0.3647428866740322,0.7029176736055248,0.0910013405801466,0.1166969163252196,0.2174774788555445,0.2722677335438379,0.524703315274027,0.0926206308398812,0.1249866042365601,0.2208101223350282,0.291464401514476,0.5616983539269887,0.1103029414246317,0.1517023269092704,0.2609190849307077,0.3519061580609093,0.6781792517113489,,,,,,,,,,,,,,,,,,,,,,,,,,,,,,,,,,,,,,,,,,,,,,,,,,,,,,,,,,,,,,,,,,,,,,,
B1_static_gates,hc-11,Achilles_10252013,spikein,1.0,5191,20,1,35.9518,7.2193881808421265,7.2193881808421265,4,2,"[2, 7, 9, 14]",191,False,7,,0.25,0.25,0.25,0,"[13, 14, 15, 16]",,6067.437489714871,,,,,,,,,,,,,,,,,,,,,,,,,,,,,,,,,,,,,,,,,,,,,,,,,,,,,,,,,,,,,,,,,,,,,,,,,,,,,,,,,,,,,,,,,,,,,,,,,,,,,,,,,,,,,,,,,,,,,,,,,,,,,,,,,,,,,,,,,,,,,,,,,,,,,,,,,,,,,,,,,,,,,,,,,,,,,,,,,,,
B2_modular_hmm_hawkes,hc-11,Achilles_10252013,spikein,1.0,5191,20,1,35.9518,7.2193881808421265,7.2193881808421265,4,2,"[2, 7, 9, 14]",191,False,7,0.6493506493506493,0.0,0.0,0.0,0,"[5, 13, 15, 17]",17.0,,,,,,,0.3334182616906361,,,,,,,,,,,,,,,,,,,,,,,,,,,,,,,,,,,,,,,,,,,,,,,,,,,,,,,,,,,,,,,,,,,,,,,,,,,,,,,,,,,,,,,,,,,,,,,,,,,,,,,2.0,0.3334182616906361,190.0,4.0,"[250.248197634809, 364.474501573318]","[13, 17, 5, 15, 4, 10, 14, 9, 2, 19]","[0.034452454589375306, 0.01634651217506465, 0.011979500767599321, 0.011693812241987322, 0.011588951720116786, 0.010248525593643117, 0.009190794970906534, 0.008968467752898253, 0.007947580646321105, 0.007724597618837968]","[17, 5, 19, 3, 4, 10, 8, 1, 14, 9]","[2919.3815057016864, 594.920886791938, 577.8779404160348, 451.53353864072864, 424.2812698656652, 386.8846692460322, 317.63685736756935, 304.4750700863627, 290.85960194724714, 271.9522482350355]","[13, 15, 12, 4, 2, 9, 14, 10, 11, 5]","[6499.74073552063, 319.0197786379967, 81.16895910241706, 6.006497950933364, 5.622590942072562, 5.6121689217014, 5.510736387324542, 5.151434064766728, 4.610021143948705, 4.577255011549877]",3.354301808000292,2.58217154424106,0.0006756163803518573,304.4750700863627,2.074288445015452,0.005769218673552908,213.16715279798123,5.622590942072562,0.007947580646321105,451.53353864072864,1.1968199502026302,0.00533661624567622,424.2812698656652,6.006497950933364,0.011588951720116786,594.920886791938,4.577255011549877,0.011979500767599321,2.7137867141656757,4.3046344439697695,0.0007846257397993866,2.2809111277020735,2.26139332731284,0.0005213733063989673,317.63685736756935,2.261071399446505,0.006152181515552134,271.9522482350355,5.6121689217014,0.008968467752898253,386.8846692460322,5.151434064766728,0.010248525593643117,170.2238514511082,4.610021143948705,0.006430847662176756,3.364761150087827,81.16895910241706,0.0037938369827581887,3.465223016336561,6499.74073552063,0.034452454589375306,290.85960194724714,5.510736387324542,0.009190794970906534,8.133575636203958,319.0197786379967,0.011693812241987322,5.4875321828887245,1.055438960734002,0.0005524737627442283,2919.3815057016864,1.7367857142196494,0.01634651217506465,5.657948684056191,1.2005443462695033,0.0005983084858156662,577.8779404160348,1.9593070520784135,0.007724597618837968
B3_static_svd,hc-11,Achilles_10252013,spikein,1.0,5191,20,1,35.9518,7.2193881808421265,7.2193881808421265,4,2,"[2, 7, 9, 14]",191,False,7,,0.0,0.0,0.0,0,"[0, 1, 4, 8]",,,,,,,,,,,,,,,,,,,,,,,,,,,,,,,,,,,,,,,,,,,,,,,,,,,,,,,,,,,,,,,,,,,,,,,,,,,,,,,,,,,,,,,,,,,,,,,,,,,,,,,,,,,,,,,,,,,,,,,,,,,,,,,,,,,,,,,,,,,,,,,,,,,,,,,,,,,,,,,,,,,,,,,,,,,,,,,,,,,,,
Proposed,hc-11,Achilles_10252013,spikein,1.5,5306,20,1,35.9518,7.37932454007866,7.37932454007866,4,0,"[0, 2, 9, 14]",306,False,9,0.6625,1.0,1.0,1.0,1,"[0, 2, 14, 9]",0.0,7715.282036426883,14.134331162662086,19.99616,5.861828837337914,0.4737175573037657,3.782195854783368,0.8377329522300883,0.0908444806321639,19.50001849177956,0.3108820650615332,0.187455912975068,0.6548699154467967,0.3633991533569624,1.0,0.1996773108126259,0.1759560487498073,0.4222090889661608,0.3546673755563446,0.8600739257148251,0.2006097522849555,0.204648483117487,0.4202020599256751,0.4123684778161054,1.0,0.1715551658974572,0.1708550446381284,0.3633527288832899,0.3477103503578054,0.8432030309379416,0.1889641906688318,0.1447310066902413,0.4036457268044459,0.2928004111155312,0.710045570568817,0.143734629562692,0.1764954863094739,0.3038661757953941,0.3626071791324228,0.8793280734084782,0.1679389314251222,0.1897336758655154,0.3534991539284918,0.3866240589422356,0.9375693820967798,0.145489508723529,0.1456672333835654,0.3106842374159714,0.2991070124201754,0.725339177243226,0.1813503846313976,0.1406901507768057,0.3878904386431606,0.2853744210582706,0.6920374286841889,0.1788551980020076,0.1905329695037654,0.3763768953848144,0.3868383044381336,0.938088930770899,0.1414282772607166,0.1736081959269467,0.2992755031295808,0.3569466021378518,0.8656010857770537,0.1271449198206728,0.1622409196710962,0.2700601138535991,0.3351641177671645,0.812778220930432,0.1331832890188016,0.1642913144705252,0.2826873315019509,0.3387094664609786,0.8213757468921404,0.1413598726082965,0.1655809670784945,0.2999230089995142,0.3404556006400918,0.8256101495515304,0.1834512976655588,0.1962325438120642,0.3853267419615681,0.3977466125306728,0.9645417482857328,0.1033138460545259,0.1302480583510456,0.2217289286771271,0.271227459721141,0.6577308264626718,0.1144565421890983,0.1457551489279563,0.2444124585501757,0.3024011349047779,0.7333274757233816,0.0827999517027423,0.1027019698424292,0.1792810044960549,0.2153304026826958,0.5221795900188128,0.0883258678765129,0.1236786577862096,0.1899620945920023,0.2588466205257558,0.6277070980221426,0.1031461051646199,0.1353777213805349,0.2210047360296343,0.2819335814202914,0.6836933388153372,,,,,,,,,,,,,,,,,,,,,,,,,,,,,,,,,,,,,,,,,,,,,,,,,,,,,,,,,,,,,,,,,,,,,,,
B1_static_gates,hc-11,Achilles_10252013,spikein,1.5,5306,20,1,35.9518,7.37932454007866,7.37932454007866,4,0,"[0, 2, 9, 14]",306,False,9,,0.25,0.25,0.25,1,"[13, 14, 15, 16]",,6331.727685312024,,,,,,,,,,,,,,,,,,,,,,,,,,,,,,,,,,,,,,,,,,,,,,,,,,,,,,,,,,,,,,,,,,,,,,,,,,,,,,,,,,,,,,,,,,,,,,,,,,,,,,,,,,,,,,,,,,,,,,,,,,,,,,,,,,,,,,,,,,,,,,,,,,,,,,,,,,,,,,,,,,,,,,,,,,,,,,,,,,,
B2_modular_hmm_hawkes,hc-11,Achilles_10252013,spikein,1.5,5306,20,1,35.9518,7.37932454007866,7.37932454007866,4,0,"[0, 2, 9, 14]",306,False,9,0.8125,0.0,0.0,0.0,0,"[11, 13, 15, 17]",18.0,,,,,,,0.4484490621066059,,,,,,,,,,,,,,,,,,,,,,,,,,,,,,,,,,,,,,,,,,,,,,,,,,,,,,,,,,,,,,,,,,,,,,,,,,,,,,,,,,,,,,,,,,,,,,,,,,,,,,,0.0,0.4484490621066059,190.0,4.0,"[249.94182936204103, 349.79797054744813]","[11, 13, 15, 17, 12, 18, 10, 4, 2, 19]","[0.06322629902647443, 0.035943824797193165, 0.021854752828512385, 0.018150628648403454, 0.018014063481900086, 0.01670563589225183, 0.012373502576517068, 0.011033873451443047, 0.010443805266718259, 0.009122776644434488]","[18, 17, 19, 11, 7, 10, 14, 4, 2, 15]","[2978.1455621826567, 2751.743656409284, 1046.7073958718006, 657.7911540021678, 560.2809351219764, 444.0727382706078, 418.1823601140916, 408.26141693728835, 346.6452289949731, 7.196841508503409]","[13, 12, 15, 11, 6, 10, 2, 4, 5, 9]","[6312.950934844211, 1913.3836420532282, 1247.751769375647, 114.25779220679917, 16.899474282171912, 6.482007488518031, 5.915761252429003, 5.606553795872985, 5.012839766760886, 4.572024732956294]",2.9635135133802124,2.798557027712632,0.0006641732332253087,3.970847141882983,2.29761231030519,0.0006966117441273657,346.6452289949731,5.915761252429003,0.010443805266718259,4.053708362635994,2.193465250154657,0.000687705443982683,408.26141693728835,5.606553795872985,0.011033873451443047,3.178238442231211,5.012839766760886,0.0009205470321481162,2.1479473613765854,16.899474282171912,0.0013895022262830077,560.2809351219764,1.0477230528891852,0.005587750484484389,1.5492794678563422,0.6827622464855861,0.00023719769511675918,2.937833555647969,4.572024732956294,0.0008452374120948004,444.0727382706078,6.482007488518031,0.012373502576517068,657.7911540021678,114.25779220679917,0.06322629902647443,3.1885971661054784,1913.3836420532282,0.018014063481900086,3.8476405955559634,6312.950934844211,0.035943824797193165,418.1823601140916,3.5607609213067413,0.008899489495406017,7.196841508503409,1247.751769375647,0.021854752828512385,5.287304231192995,1.2309414237586866,0.0005883647916811741,2751.743656409284,2.2508870561089824,0.018150628648403454,2978.1455621826567,1.7618074290548196,0.01670563589225183,1046.7073958718006,1.4948827348447606,0.009122776644434488
B3_static_svd,hc-11,Achilles_10252013,spikein,1.5,5306,20,1,35.9518,7.37932454007866,7.37932454007866,4,0,"[0, 2, 9, 14]",306,False,9,,0.25,0.25,0.25,1,"[0, 1, 4, 8]",,,,,,,,,,,,,,,,,,,,,,,,,,,,,,,,,,,,,,,,,,,,,,,,,,,,,,,,,,,,,,,,,,,,,,,,,,,,,,,,,,,,,,,,,,,,,,,,,,,,,,,,,,,,,,,,,,,,,,,,,,,,,,,,,,,,,,,,,,,,,,,,,,,,,,,,,,,,,,,,,,,,,,,,,,,,,,,,,,,,,
Proposed,hc-11,Achilles_10252013,spikein,1.5,5278,20,1,35.9518,7.340383513481941,7.340383513481941,4,2,"[2, 7, 9, 14]",278,False,7,0.675,0.75,0.75,0.75,0,"[0, 2, 9, 14]",0.0,7610.70535946046,14.134692407565712,19.99616,5.861467592434288,2.8584216033708354,1.1673317997364736,0.6672384943821213,0.1066737788093448,19.32166278388451,0.3139598641922655,0.1972241814572457,0.7240709534548566,0.4248389009764924,1.0,0.2142427059805064,0.181401437973307,0.4964664474726629,0.4032929100855468,0.7816050439705987,0.2359314538114258,0.2336661465934222,0.538182329296189,0.5159804343595271,1.0,0.1768677737632941,0.1700369833776324,0.4112574543488687,0.38244064420716,0.7411921436165957,0.1995502442691923,0.1479670726647816,0.4670425656680678,0.3304674799381996,0.6450232030985432,0.157088832496211,0.1881610310586252,0.3632776559727519,0.4257714372864933,0.8251697330636037,0.1945300459194032,0.2146918521210636,0.4462869213929427,0.4802422664904567,0.9307373584554012,0.1919076658677121,0.1889308587642053,0.4436876502682511,0.4229618419632973,0.8197245744178433,0.1951172862876029,0.145696169821685,0.4569518044604562,0.3258556072743805,0.6315270610577637,0.2132120084734483,0.2264723801739619,0.4874011619787754,0.5036615774146647,0.976125340953764,0.1615473695270448,0.1928175051688643,0.373079755560729,0.4357071389485614,0.8444256989887479,0.1386462114550379,0.1763170194324251,0.3217667448513598,0.4012301940638479,0.7776073807176127,0.1505746513421061,0.1824851867032631,0.3488164151035806,0.4137569746880406,0.8018850079104768,0.1512154692878332,0.1784290220602735,0.3507196013075667,0.4044839309601303,0.7839133114847766,0.2047941570992232,0.223618707991328,0.4685670633623922,0.4986319542397012,0.9663776396068968,0.109672554847163,0.1374625542498583,0.2574935712996152,0.3155875565223568,0.6116269833256126,0.1258327961582009,0.1581340845247129,0.2936193827814229,0.3612471927146582,0.7001180057593944,0.0884239624551702,0.112827623733563,0.2091079687479403,0.2606806826997998,0.5052142781797063,0.0913516425928355,0.1225112520552258,0.215413128430935,0.2828015653829915,0.5480858314599188,0.1072251154969194,0.1456820968170194,0.2511182309096529,0.3346865164527113,0.6486418750899903,,,,,,,,,,,,,,,,,,,,,,,,,,,,,,,,,,,,,,,,,,,,,,,,,,,,,,,,,,,,,,,,,,,,,,,
B1_static_gates,hc-11,Achilles_10252013,spikein,1.5,5278,20,1,35.9518,7.340383513481941,7.340383513481941,4,2,"[2, 7, 9, 14]",278,False,7,,0.25,0.25,0.25,0,"[13, 14, 15, 16]",,6229.179455540347,,,,,,,,,,,,,,,,,,,,,,,,,,,,,,,,,,,,,,,,,,,,,,,,,,,,,,,,,,,,,,,,,,,,,,,,,,,,,,,,,,,,,,,,,,,,,,,,,,,,,,,,,,,,,,,,,,,,,,,,,,,,,,,,,,,,,,,,,,,,,,,,,,,,,,,,,,,,,,,,,,,,,,,,,,,,,,,,,,,
B2_modular_hmm_hawkes,hc-11,Achilles_10252013,spikein,1.5,5278,20,1,35.9518,7.340383513481941,7.340383513481941,4,2,"[2, 7, 9, 14]",278,False,7,0.65,0.0,0.0,0.0,0,"[4, 5, 13, 17]",17.0,,,,,,,0.33293430322286,,,,,,,,,,,,,,,,,,,,,,,,,,,,,,,,,,,,,,,,,,,,,,,,,,,,,,,,,,,,,,,,,,,,,,,,,,,,,,,,,,,,,,,,,,,,,,,,,,,,,,,2.0,0.33293430322286,190.0,4.0,"[252.29369833138185, 375.05956516945434]","[13, 17, 5, 4, 15, 10, 2, 19, 14, 11]","[0.03196369432094757, 0.017659114479001592, 0.012469911765502401, 0.012309314029130849, 0.01174670478490145, 0.010820300095162858, 0.008498680561847233, 0.008036113224159801, 0.006952317379138478, 0.0067227821486334416]","[17, 5, 19, 3, 4, 10, 8, 2, 11, 14]","[2919.3805617385046, 594.9261616883759, 577.8074633918452, 451.3880065327646, 424.2718968730845, 386.897115966203, 317.63036869034846, 222.8021799531771, 170.08312642780982, 145.7494394157562]","[13, 15, 12, 4, 14, 2, 10, 9, 11, 5]","[5651.243837085652, 319.0189967891164, 224.80989421012427, 5.891938369236208, 5.471256114794345, 5.348331702523087, 4.992497749467603, 4.6252831467616415, 4.384010690129438, 4.312195600520903]",3.166458060485397,2.463373040246778,0.0006875979653774474,3.706000748879256,2.2065510880840824,0.0007040319454358659,222.8021799531771,5.348331702523087,0.008498680561847233,451.3880065327646,1.1531448908604658,0.0056169371983438784,424.2718968730845,5.891938369236208,0.012309314029130849,594.9261616883759,4.312195600520903,0.012469911765502401,2.6717487759003316,4.239243858360561,0.0008285612723536606,2.1253907420320117,1.9927944411322893,0.0005066794198072085,317.63036869034846,2.3202341424214747,0.006683585939726329,2.6449862571341405,4.6252831467616415,0.0008611196365790839,386.897115966203,4.992497749467603,0.010820300095162858,170.08312642780982,4.384010690129438,0.0067227821486334416,3.1743410109579298,224.80989421012427,0.00657683765050095,2.982666177265344,5651.243837085652,0.03196369432094757,145.7494394157562,5.471256114794345,0.006952317379138478,7.135925742879405,319.0189967891164,0.01174670478490145,5.2651731195965015,1.0690581711690395,0.0005841032425403327,2919.3805617385046,1.7623083151664007,0.017659114479001592,6.301765674014754,0.9619006585962724,0.0006061482518094801,577.8074633918452,1.8439269226515327,0.008036113224159801
B3_static_svd,hc-11,Achilles_10252013,spikein,1.5,5278,20,1,35.9518,7.340383513481941,7.340383513481941,4,2,"[2, 7, 9, 14]",278,False,7,,0.0,0.0,0.0,0,"[0, 1, 4, 8]",,,,,,,,,,,,,,,,,,,,,,,,,,,,,,,,,,,,,,,,,,,,,,,,,,,,,,,,,,,,,,,,,,,,,,,,,,,,,,,,,,,,,,,,,,,,,,,,,,,,,,,,,,,,,,,,,,,,,,,,,,,,,,,,,,,,,,,,,,,,,,,,,,,,,,,,,,,,,,,,,,,,,,,,,,,,,,,,,,,,,
Proposed,hc-11,Achilles_10252013,spikein,1.5,5211,20,1,35.9518,7.247203199839786,7.247203199839786,4,0,"[0, 7, 9, 14]",211,False,8,0.675,0.5,0.5,0.5,1,"[0, 2, 6, 14]",0.0,7547.526708125224,14.134869513228558,19.99616,5.861290486771441,0.0734689282551337,3.8580101037040113,0.8257733249638128,0.0919770789561318,19.491784700217963,0.2909988674330598,0.1760465985842978,0.5902004762999493,0.330736036764977,1.0,0.1949317776805217,0.1668427808429085,0.3966048846699283,0.3245450453988057,0.8595291877478406,0.1708053048793752,0.1924525333515141,0.3444770234132896,0.3775846708000534,1.0,0.170796153362997,0.1682981709553219,0.3473191081244846,0.3302024481239184,0.8745123244125931,0.1847856160557832,0.1363890120359421,0.3798577807023796,0.2662718682362573,0.7051977710643322,0.1413495164808228,0.17535545761235,0.2867444374109344,0.3476312237407283,0.9206709133719396,0.1674890786871292,0.187363518947381,0.3383816940869616,0.3680401405148943,0.9747221457244662,0.15400275968412,0.1480575674772477,0.3153370290230605,0.2922193134632825,0.773917311961069,0.1747615125619492,0.1313878962986699,0.3598603187772611,0.2574250666759759,0.6817677903356756,0.1700226392673338,0.1812640285950327,0.3442141271580812,0.3557479157677646,0.9421672628128164,0.1417535806515379,0.1733657304281487,0.2877629849989688,0.3436393598289025,0.9100988106873482,0.124490096822226,0.1552009098338393,0.2542829125753491,0.3094839107744832,0.8196410890270692,0.1309429362537556,0.159689073132858,0.2670594589365204,0.3177270497156591,0.8414723220686802,0.1394885394741495,0.1610059782684374,0.2843559488515899,0.319385765293505,0.845865285306121,0.1709641975882125,0.1844045949337765,0.3457581621042088,0.361786240451346,0.9581592379922824,0.1008609921453975,0.1268187321474805,0.2080043443229097,0.2549761857313522,0.6752821431841776,0.1085121850137031,0.1338400520846134,0.2232565261503914,0.268378449232629,0.7107768667196407,0.0808368961300782,0.1028492850010918,0.1680586987479124,0.2082024467043552,0.5514059833605028,0.0845356238156439,0.1173524537955857,0.1748907224858268,0.2372602633074436,0.6283630710026432,0.0990459742132293,0.1240920446674865,0.2044496465455705,0.2496328848592449,0.6611308778248465,,,,,,,,,,,,,,,,,,,,,,,,,,,,,,,,,,,,,,,,,,,,,,,,,,,,,,,,,,,,,,,,,,,,,,,
B1_static_gates,hc-11,Achilles_10252013,spikein,1.5,5211,20,1,35.9518,7.247203199839786,7.247203199839786,4,0,"[0, 7, 9, 14]",211,False,8,,0.25,0.25,0.25,1,"[13, 14, 15, 16]",,6162.04804981053,,,,,,,,,,,,,,,,,,,,,,,,,,,,,,,,,,,,,,,,,,,,,,,,,,,,,,,,,,,,,,,,,,,,,,,,,,,,,,,,,,,,,,,,,,,,,,,,,,,,,,,,,,,,,,,,,,,,,,,,,,,,,,,,,,,,,,,,,,,,,,,,,,,,,,,,,,,,,,,,,,,,,,,,,,,,,,,,,,,
B2_modular_hmm_hawkes,hc-11,Achilles_10252013,spikein,1.5,5211,20,1,35.9518,7.247203199839786,7.247203199839786,4,0,"[0, 7, 9, 14]",211,False,8,0.8125,0.0,0.0,0.0,0,"[3, 10, 12, 13]",18.0,,,,,,,0.6062353899804338,,,,,,,,,,,,,,,,,,,,,,,,,,,,,,,,,,,,,,,,,,,,,,,,,,,,,,,,,,,,,,,,,,,,,,,,,,,,,,,,,,,,,,,,,,,,,,,,,,,,,,,0.0,0.6062353899804338,190.0,4.0,"[229.38120306889724, 328.4569785320985]","[13, 10, 12, 3, 18, 15, 4, 6, 16, 11]","[0.2985358405315051, 0.11957037739802603, 0.09665950535771649, 0.06877073065667948, 0.035268477350986475, 0.03516543708260988, 0.03434188822247872, 0.03215993661763856, 0.026084495966245624, 0.026041785459517772]","[18, 19, 11, 4, 8, 3, 10, 13, 2, 12]","[1641.3921524701157, 1458.8870060632526, 365.62185746150027, 271.2247408534977, 265.68078062712635, 229.7440106831529, 154.80450691586572, 146.28685656106055, 20.392470507661173, 20.104937845974312]","[13, 12, 6, 15, 1, 16, 10, 3, 4, 2]","[1459.3874354395336, 1113.1901568101878, 760.3971430629588, 363.884981457684, 311.54787000241674, 290.44259137644286, 221.23129177857348, 49.31125257190128, 10.416024514205583, 6.206593913719854]",2.9119456602763347,3.8851937278809054,0.0021732340197761525,4.279737141105972,311.54787000241674,0.023592798757579657,20.392470507661173,6.206593913719854,0.007268923683921152,229.7440106831529,49.31125257190128,0.06877073065667948,271.2247408534977,10.416024514205583,0.03434188822247872,3.0592941858641547,5.827853235394339,0.0027281826708293678,3.2581632996355188,760.3971430629588,0.03215993661763856,2.844856913873258,1.0603163227171934,0.0011221643297002783,265.68078062712635,0.5807660209407957,0.008025815855213924,3.2843543008144334,4.896083453432699,0.0025909434154570824,154.80450691586572,221.23129177857348,0.11957037739802603,365.62185746150027,4.443163741945946,0.026041785459517772,20.104937845974312,1113.1901568101878,0.09665950535771649,146.28685656106055,1459.3874354395336,0.2985358405315051,3.474996568537876,4.440838348764029,0.002538155318620798,8.140495934239846,363.884981457684,0.03516543708260988,5.611610912472716,290.44259137644286,0.026084495966245624,4.412754370885506,1.4884687196098447,0.001655896755672512,1641.3921524701157,1.815281674279273,0.035268477350986475,1458.8870060632526,0.9642231043236906,0.024233052160261125
B3_static_svd,hc-11,Achilles_10252013,spikein,1.5,5211,20,1,35.9518,7.247203199839786,7.247203199839786,4,0,"[0, 7, 9, 14]",211,False,8,,0.25,0.25,0.25,1,"[0, 1, 4, 8]",,,,,,,,,,,,,,,,,,,,,,,,,,,,,,,,,,,,,,,,,,,,,,,,,,,,,,,,,,,,,,,,,,,,,,,,,,,,,,,,,,,,,,,,,,,,,,,,,,,,,,,,,,,,,,,,,,,,,,,,,,,,,,,,,,,,,,,,,,,,,,,,,,,,,,,,,,,,,,,,,,,,,,,,,,,,,,,,,,,,,
Proposed,hc-11,Achilles_10252013,spikein,2.0,5349,20,1,35.9518,7.439126830923625,7.439126830923625,4,0,"[0, 2, 9, 14]",349,False,9,0.6233766233766234,0.75,0.75,0.75,1,"[0, 2, 14, 6]",0.0,7806.979666488432,14.136066836261053,19.99616,5.860093163738949,2.9658400769160744,1.188903602005757,0.6752158611775015,0.0940524722518998,19.466689157513333,0.3529303534994524,0.2052378209467807,0.816968797562407,0.4330043039262355,1.0,0.2170682928193733,0.1921563175235222,0.5044404602990726,0.4234996727582427,0.8514467677016803,0.2246231679207989,0.2262200069324836,0.5167073083475034,0.4973883145993966,1.0,0.1839841888226192,0.1850973005226516,0.4284573682829953,0.4121801098870028,0.8286887684906277,0.2079119470009789,0.1554449397626533,0.4884519267846892,0.3435738150035758,0.6907557031778983,0.154976560385474,0.1952983503051383,0.3598083448345215,0.4388404406127405,0.8822894059467172,0.1831462035161888,0.2116612399838502,0.4231375424626299,0.4714782873288047,0.947907848837462,0.1572080944205236,0.1597876794803683,0.3688579032736863,0.3588155807483945,0.7213992975234842,0.1972516908662483,0.152776833574274,0.4637730893445496,0.3388129682923328,0.6811840132698281,0.2023298015673841,0.2115110913936818,0.4674787631348073,0.4683644301559375,0.9416474340237864,0.153125689907748,0.1928622573123346,0.3557722667161256,0.4336061330840753,0.8717658223098943,0.1368089878389471,0.1798412059243358,0.3191060065240766,0.4063445541116344,0.8169563742946191,0.1445694205827536,0.1832682166307531,0.336852731864881,0.4130986389619939,0.830535472661253,0.1517963226181101,0.1816684914066496,0.3538682551560945,0.408613533487171,0.8215181609489036,0.2035829820886602,0.21568408565378,0.4697885350476632,0.477371489574177,0.9597561413533782,0.1099984477503439,0.1434957558754691,0.2593367704291226,0.3268949767232481,0.6572228722070679,0.1240390739814635,0.1608044729378918,0.2909510411248325,0.3647698958727899,0.7333704575801717,0.0878310422571075,0.1141103508867126,0.2088599816746799,0.2617112772178099,0.52617094036195,0.0927980392333159,0.1297288376974199,0.2196673068761521,0.2970959697264937,0.5973119211008785,0.110701294222766,0.1481602048718367,0.2606389675353731,0.3374589752038068,0.6784618080052824,,,,,,,,,,,,,,,,,,,,,,,,,,,,,,,,,,,,,,,,,,,,,,,,,,,,,,,,,,,,,,,,,,,,,,,
B1_static_gates,hc-11,Achilles_10252013,spikein,2.0,5349,20,1,35.9518,7.439126830923625,7.439126830923625,4,0,"[0, 2, 9, 14]",349,False,9,,0.25,0.25,0.25,1,"[13, 14, 15, 16]",,6437.298777467766,,,,,,,,,,,,,,,,,,,,,,,,,,,,,,,,,,,,,,,,,,,,,,,,,,,,,,,,,,,,,,,,,,,,,,,,,,,,,,,,,,,,,,,,,,,,,,,,,,,,,,,,,,,,,,,,,,,,,,,,,,,,,,,,,,,,,,,,,,,,,,,,,,,,,,,,,,,,,,,,,,,,,,,,,,,,,,,,,,,
B2_modular_hmm_hawkes,hc-11,Achilles_10252013,spikein,2.0,5349,20,1,35.9518,7.439126830923625,7.439126830923625,4,0,"[0, 2, 9, 14]",349,False,9,0.7922077922077922,0.0,0.0,0.0,0,"[11, 13, 15, 17]",18.0,,,,,,,0.4462152172159129,,,,,,,,,,,,,,,,,,,,,,,,,,,,,,,,,,,,,,,,,,,,,,,,,,,,,,,,,,,,,,,,,,,,,,,,,,,,,,,,,,,,,,,,,,,,,,,,,,,,,,,0.0,0.4462152172159129,190.0,4.0,"[251.58834836310567, 353.6080935256246]","[11, 13, 15, 17, 12, 18, 10, 4, 2, 19]","[0.06345933378683177, 0.035332483983345944, 0.0209997916956787, 0.017871613260409765, 0.017732890863951, 0.016871293839770287, 0.012924810595326554, 0.010911300243308511, 0.009824271865964457, 0.00913802751253089]","[18, 17, 19, 11, 7, 10, 4, 14, 2, 15]","[2977.9871018582025, 2752.243656402104, 1047.2027897150854, 657.6539862699983, 560.1841773329171, 443.9958813114369, 408.4017690140458, 389.42941364102865, 327.0010140791024, 6.593318439198827]","[13, 12, 15, 11, 6, 10, 2, 4, 5, 9]","[6264.716719036816, 1913.469839731498, 1247.814914557271, 114.23989889881258, 16.646558750655522, 7.0192980505934335, 5.506503186479121, 5.438631679428273, 5.038154649686656, 4.091876256093965]",2.937628066054567,2.9820480734537362,0.0006852414092446924,3.7375807520914544,2.3998871796747836,0.0006933916063174357,327.0010140791024,5.506503186479121,0.009824271865964457,3.8781919821451427,2.1058197485095036,0.0006616268542733524,408.4017690140458,5.438631679428273,0.010911300243308511,2.9041959235379204,5.038154649686656,0.000885597899689686,2.112493101261251,16.646558750655522,0.001372927988325741,560.1841773329171,1.063364736388908,0.005650598123087546,1.5585335013422208,0.6828281316484324,0.00023883702263912608,3.276979755561687,4.091876256093965,0.000847785530413238,443.9958813114369,7.0192980505934335,0.012924810595326554,657.6539862699983,114.23989889881258,0.06345933378683177,3.0659263028859582,1913.469839731498,0.017732890863951,3.7176727141233346,6264.716719036816,0.035332483983345944,389.42941364102865,3.2163205057071127,0.008193734927248541,6.593318439198827,1247.814914557271,0.0209997916956787,5.190495813463062,1.2042736977087674,0.0005788351528223582,2752.243656402104,2.1650348239483828,0.017871613260409765,2977.9871018582025,1.7831924490107949,0.016871293839770287,1047.2027897150854,1.4876418322021734,0.00913802751253089
B3_static_svd,hc-11,Achilles_10252013,spikein,2.0,5349,20,1,35.9518,7.439126830923625,7.439126830923625,4,0,"[0, 2, 9, 14]",349,False,9,,0.25,0.25,0.25,1,"[0, 1, 4, 8]",,,,,,,,,,,,,,,,,,,,,,,,,,,,,,,,,,,,,,,,,,,,,,,,,,,,,,,,,,,,,,,,,,,,,,,,,,,,,,,,,,,,,,,,,,,,,,,,,,,,,,,,,,,,,,,,,,,,,,,,,,,,,,,,,,,,,,,,,,,,,,,,,,,,,,,,,,,,,,,,,,,,,,,,,,,,,,,,,,,,,
Proposed,hc-11,Achilles_10252013,spikein,2.0,5361,20,1,35.9518,7.455815842322219,7.455815842322219,4,2,"[2, 7, 9, 14]",361,False,7,0.675,0.75,0.75,0.75,0,"[0, 2, 9, 14]",0.0,8184.0860772617025,14.134704311494158,19.99616,5.861455688505842,0.0029737785461041,3.5885063987129127,0.7310124876213406,0.0865688481817072,19.551842035364896,0.2032228339043141,0.1370147417620743,0.3439304849505563,0.2215080529139194,1.0,0.1482546125447928,0.127600606595544,0.251880818175395,0.2111503296536211,0.7961579311201896,0.1683873328005452,0.1616314935083816,0.2821155611316733,0.2652116136763643,1.0,0.1284390190798637,0.1231888415111321,0.2186113243824918,0.2055463373538872,0.7750276637761189,0.1377362013043175,0.1090924973935994,0.2357763718862707,0.1813185661730814,0.6855349618693038,0.1176531677895265,0.136327918460228,0.1991725896195542,0.2284827461394936,0.8615110890969855,0.1412473084161502,0.1559667303826979,0.2371924063880965,0.2588504106269031,0.9760146135333888,0.1401588267879106,0.1313225876338151,0.2377533821721079,0.2180491993239198,0.8221706293375357,0.1356737946938309,0.1078800997876126,0.2323481287537753,0.179464110871819,0.6766827002184669,0.154847142613376,0.1589353534202891,0.2597091471646933,0.2622787560309009,0.988941443382482,0.122299065927114,0.1429333369217503,0.2064847375486875,0.2390896804951719,0.901505319397254,0.1083707930674796,0.131986162406485,0.1837850765576289,0.2220576228846055,0.8372846867693386,0.1165370912898986,0.1371333395591089,0.197223883962495,0.2299411143768008,0.8670099743723751,0.1166880893212539,0.1307966410984994,0.197988610447289,0.2193033754169787,0.826899593034387,0.1521468419820498,0.1573887567484707,0.2553456352149837,0.2600269148402842,0.9804507096645964,0.0928406008307961,0.1080821286508612,0.1589952867225174,0.183012862384574,0.6900635302038591,0.0978191032156804,0.1136469692780518,0.1671362606949311,0.1920297582348764,0.7240624027468451,0.0813769399497893,0.0956006080201705,0.1400616263484508,0.1626304156114259,0.6132100074994551,0.0817459914988967,0.0994732581394831,0.1404742472401565,0.169190599327871,0.6379456652842249,0.0901779552236413,0.112671034405268,0.1541368069491651,0.1909799199744213,0.7201039099572488,,,,,,,,,,,,,,,,,,,,,,,,,,,,,,,,,,,,,,,,,,,,,,,,,,,,,,,,,,,,,,,,,,,,,,,
B1_static_gates,hc-11,Achilles_10252013,spikein,2.0,5361,20,1,35.9518,7.455815842322219,7.455815842322219,4,2,"[2, 7, 9, 14]",361,False,7,,0.25,0.25,0.25,0,"[13, 14, 15, 16]",,6388.018164672885,,,,,,,,,,,,,,,,,,,,,,,,,,,,,,,,,,,,,,,,,,,,,,,,,,,,,,,,,,,,,,,,,,,,,,,,,,,,,,,,,,,,,,,,,,,,,,,,,,,,,,,,,,,,,,,,,,,,,,,,,,,,,,,,,,,,,,,,,,,,,,,,,,,,,,,,,,,,,,,,,,,,,,,,,,,,,,,,,,,
B2_modular_hmm_hawkes,hc-11,Achilles_10252013,spikein,2.0,5361,20,1,35.9518,7.455815842322219,7.455815842322219,4,2,"[2, 7, 9, 14]",361,False,7,0.7125,0.0,0.0,0.0,0,"[4, 5, 13, 17]",17.0,,,,,,,0.3298719691820996,,,,,,,,,,,,,,,,,,,,,,,,,,,,,,,,,,,,,,,,,,,,,,,,,,,,,,,,,,,,,,,,,,,,,,,,,,,,,,,,,,,,,,,,,,,,,,,,,,,,,,,2.0,0.3298719691820996,190.0,4.0,"[255.5223098636841, 383.61888023571015]","[13, 17, 5, 4, 15, 10, 14, 2, 19, 9]","[0.033778384720779285, 0.01648716948939118, 0.011815089134662081, 0.011516499296962822, 0.011305391768151509, 0.010447773863063253, 0.008909251023772049, 0.008043747757884122, 0.007585296666829297, 0.007556382701916144]","[17, 5, 19, 3, 4, 10, 8, 1, 14, 9]","[2919.9613925397907, 594.9430372736414, 577.8831115553369, 451.4916156099419, 424.2710103282586, 386.9184936122805, 317.6361569635244, 304.4078983775713, 234.8476128480681, 212.89887062330422]","[13, 15, 12, 14, 2, 4, 10, 9, 5, 6]","[6374.441746675225, 318.98564862773804, 81.20677866590592, 6.290939478521829, 5.931525395628199, 5.818578240938421, 5.251063927934388, 4.991991056839868, 4.367348860112057, 4.3295275827795]",3.2793599264526665,2.4492652065798888,0.0006569053762612321,304.4078983775713,2.116172668833882,0.0058829326427546035,203.03446159189724,5.931525395628199,0.008043747757884122,451.4916156099419,1.1973632671225263,0.005389248099166818,424.2710103282586,5.818578240938421,0.011516499296962822,594.9430372736414,4.367348860112057,0.011815089134662081,2.626985642862099,4.3295275827795,0.0007816988482578924,2.3289661137532547,2.5312229810087095,0.0005627780550851506,317.6361569635244,2.3094479009349884,0.006277828079072292,212.89887062330422,4.991991056839868,0.007556382701916144,386.9184936122805,5.251063927934388,0.010447773863063253,170.15429815702325,4.322244785280427,0.006285886117139204,3.3476700893217433,81.20677866590592,0.003821710931623322,3.3316154307753947,6374.441746675225,0.033778384720779285,234.8476128480681,6.290939478521829,0.008909251023772049,7.4579480679375,318.98564862773804,0.011305391768151509,5.366425469850219,1.0546456084612845,0.0005514246705780593,2919.9613925397907,1.7327438326046465,0.01648716948939118,6.108386443104004,1.1138528816576883,0.0006045991548004335,577.8831115553369,1.8532090205887055,0.007585296666829297
B3_static_svd,hc-11,Achilles_10252013,spikein,2.0,5361,20,1,35.9518,7.455815842322219,7.455815842322219,4,2,"[2, 7, 9, 14]",361,False,7,,0.0,0.0,0.0,0,"[0, 1, 4, 8]",,,,,,,,,,,,,,,,,,,,,,,,,,,,,,,,,,,,,,,,,,,,,,,,,,,,,,,,,,,,,,,,,,,,,,,,,,,,,,,,,,,,,,,,,,,,,,,,,,,,,,,,,,,,,,,,,,,,,,,,,,,,,,,,,,,,,,,,,,,,,,,,,,,,,,,,,,,,,,,,,,,,,,,,,,,,,,,,,,,,,
Proposed,hc-11,Achilles_10252013,spikein,3.0,5477,20,1,35.9518,7.617142952508637,7.617142952508637,4,0,"[0, 2, 9, 14]",477,False,9,0.7,0.75,0.75,0.75,1,"[0, 2, 14, 6]",0.0,8542.699785751698,14.136357396638047,19.99616,5.859802603361953,0.0022787807788432,2.7490996445960456,0.7059209840567863,0.0631233851466932,19.75764249279649,0.2252858295474679,0.1386188870506086,0.3706124048505205,0.2128183907609462,1.0,0.1460759914516418,0.1313125185176075,0.241045690910074,0.2088098610198788,0.8811854007618237,0.1576819191744083,0.149776187962321,0.258185039761067,0.236964730508873,1.0,0.1260959760428675,0.1234112750077973,0.2087665212402593,0.1979515285511473,0.8353628327981709,0.1392113419816465,0.1146546629761546,0.2313249905525282,0.1828643310736974,0.7716942967884001,0.1124898898814907,0.131378072378219,0.1856182885344572,0.2119770832348077,0.8945511966257373,0.1273851568135644,0.1430761451607252,0.209166128346026,0.2293764037262864,0.9679769779819514,0.116350649669204,0.1161620331065806,0.1932156770391344,0.1871241078687585,0.789670713725694,0.1339647447595774,0.1126286997602642,0.2227954469576009,0.1800474299663123,0.7598068690630337,0.1372415356997763,0.140012463326869,0.2256417998120553,0.2235240154442313,0.9432796811754296,0.1115507336491614,0.1319991332829612,0.1840218745542863,0.2130622576808495,0.8991306732580253,0.1035203495360964,0.1306766550826594,0.1708737977178422,0.2116442955585096,0.8931468202209303,0.1078930426509178,0.1275644595707881,0.1783189659805357,0.2062150728585791,0.8702352979523149,0.1092885430931137,0.1222929839580765,0.1810284427325239,0.1975902646117783,0.8338382855012242,0.1466139349124706,0.1456388523754526,0.2404801783692859,0.2315376036193253,0.9770973221293604,0.0892195522487389,0.1069097008731331,0.1487355197321873,0.174213392133932,0.7351870118384927,0.0977702695066263,0.1178424391051334,0.1622493752576597,0.1913346334807324,0.80743928883361,0.0778888674947008,0.0967702289458302,0.1303922778619133,0.1584539508898877,0.6686815820633463,0.0799882925104591,0.101925134135712,0.1336213637528356,0.1667521485292669,0.7037002855706537,0.0947031909047039,0.1293166273498814,0.1564082713835915,0.2102405538285843,0.8872229777701537,,,,,,,,,,,,,,,,,,,,,,,,,,,,,,,,,,,,,,,,,,,,,,,,,,,,,,,,,,,,,,,,,,,,,,,
B1_static_gates,hc-11,Achilles_10252013,spikein,3.0,5477,20,1,35.9518,7.617142952508637,7.617142952508637,4,0,"[0, 2, 9, 14]",477,False,9,,0.25,0.25,0.25,1,"[13, 14, 15, 16]",,6719.597825300684,,,,,,,,,,,,,,,,,,,,,,,,,,,,,,,,,,,,,,,,,,,,,,,,,,,,,,,,,,,,,,,,,,,,,,,,,,,,,,,,,,,,,,,,,,,,,,,,,,,,,,,,,,,,,,,,,,,,,,,,,,,,,,,,,,,,,,,,,,,,,,,,,,,,,,,,,,,,,,,,,,,,,,,,,,,,,,,,,,,
B2_modular_hmm_hawkes,hc-11,Achilles_10252013,spikein,3.0,5477,20,1,35.9518,7.617142952508637,7.617142952508637,4,0,"[0, 2, 9, 14]",477,False,9,0.875,0.0,0.0,0.0,0,"[6, 11, 13, 17]",18.0,,,,,,,0.3883517182530098,,,,,,,,,,,,,,,,,,,,,,,,,,,,,,,,,,,,,,,,,,,,,,,,,,,,,,,,,,,,,,,,,,,,,,,,,,,,,,,,,,,,,,,,,,,,,,,,,,,,,,,0.0,0.3883517182530098,190.0,4.0,"[259.89452704967414, 374.0376944134126]","[6, 13, 17, 11, 18, 12, 15, 5, 4, 3]","[0.1602775494401312, 0.032349385900525406, 0.016971559080446296, 0.01660151528130694, 0.016458762084293952, 0.016143463397007604, 0.01266001253851298, 0.01208553286472365, 0.009797768295131177, 0.006613588538825774]","[18, 17, 11, 5, 3, 1, 8, 4, 6, 14]","[3415.3296917847156, 2871.299238727687, 1351.128471542924, 692.0194639260092, 494.5295202681899, 397.48075685760494, 330.72557938913883, 326.8949040147559, 323.88887761285093, 279.43062998825235]","[13, 12, 6, 15, 4, 10, 2, 5, 11, 9]","[6293.107697034629, 2291.1992121431244, 1704.6968187252312, 524.3797929243462, 6.311665535825246, 4.940065585192148, 4.902152170392733, 4.536397428109539, 4.384263128777828, 3.836482053013262]",2.811666843522234,2.6952645202874392,0.0005937911603212976,397.48075685760494,2.0961004925819964,0.006226087288858068,1.9203508062656574,4.902152170392733,0.0006618122190180548,494.5295202681899,1.9009903862297133,0.006613588538825774,326.8949040147559,6.311665535825246,0.009797768295131177,692.0194639260092,4.536397428109539,0.01208553286472365,323.88887761285093,1704.6968187252312,0.1602775494401312,162.81063437107318,0.897059859957426,0.0026067728995055905,330.72557938913883,0.8471941647215808,0.0036105758414598987,2.8603348225601226,3.836482053013262,0.0007145393049763146,185.05874103299487,4.940065585192148,0.006521871836507898,1351.128471542924,4.384263128777828,0.01660151528130694,2.444715765713973,2291.1992121431244,0.016143463397007604,3.5740836699734,6293.107697034629,0.032349385900525406,279.43062998825235,3.0017090205537276,0.006247012877305838,6.569315527696781,524.3797929243462,0.01266001253851298,4.958185661137455,0.9921486963846581,0.0004784106914524505,2871.299238727687,2.1560698308381943,0.016971559080446296,3415.3296917847156,1.7047452890843222,0.016458762084293952,4.296228732246402,1.445562356032093,0.0005375430037654844
B3_static_svd,hc-11,Achilles_10252013,spikein,3.0,5477,20,1,35.9518,7.617142952508637,7.617142952508637,4,0,"[0, 2, 9, 14]",477,False,9,,0.5,0.5,0.5,1,"[0, 2, 4, 8]",,,,,,,,,,,,,,,,,,,,,,,,,,,,,,,,,,,,,,,,,,,,,,,,,,,,,,,,,,,,,,,,,,,,,,,,,,,,,,,,,,,,,,,,,,,,,,,,,,,,,,,,,,,,,,,,,,,,,,,,,,,,,,,,,,,,,,,,,,,,,,,,,,,,,,,,,,,,,,,,,,,,,,,,,,,,,,,,,,,,,
Proposed,hc-11,Achilles_10252013,spikein,3.0,5518,20,1,35.9518,7.674163741453836,7.674163741453836,4,2,"[2, 7, 9, 14]",518,False,7,0.65,0.75,0.75,0.75,0,"[0, 9, 2, 14]",0.0,8296.754499988503,14.135085650636542,19.99616,5.861074349363458,2.0207180162939355,1.3364798836657072,0.5119165379800423,0.0994302325221339,19.40500151952587,0.2555656078632587,0.1713950006000587,0.5298671001954041,0.3357770061884862,1.0,0.1801584451984036,0.1603114897313982,0.3749227458420791,0.3224427076154171,0.7820470364840385,0.2232266702910392,0.2079144514150908,0.4571883446053226,0.4119873277792569,0.9992270290169862,0.1552740990997705,0.1531962003432403,0.3239079581386953,0.3107806984658863,0.7537621986525741,0.1731822815927503,0.1340862621298548,0.3635519956969035,0.2703422644793696,0.6861192090673925,0.1385044365097554,0.164180955663633,0.2878585651446776,0.3349638972443881,0.8124157159775461,0.1710833023135105,0.1886694112605932,0.352665816534018,0.3806714312654059,0.9232739884144732,0.1839554001240553,0.1736246012894122,0.3811096947069888,0.3487673776276379,0.8458944415679583,0.1692512298923487,0.1343853400011577,0.355246755007097,0.271321679222307,0.6704450132421683,0.204554372776911,0.2067254277037097,0.4190978761334961,0.4123060283753126,1.0,0.1439203144325904,0.1707502591763019,0.298469799664513,0.3477207874412958,0.8433560596033138,0.1254851584307188,0.156512561022645,0.2614676621087086,0.3207348653084583,0.7779048649186879,0.1349768054549037,0.1621264315349931,0.2807283102045939,0.3311721475998172,0.8032192711438089,0.1350787506614461,0.1572956614077902,0.2813871699840706,0.3212954012926392,0.7792643793220783,0.2007476939668906,0.2040348133709867,0.4116764837148807,0.4074878048358906,0.9883139629114612,0.1025409376222281,0.1275989386992583,0.2157271170952622,0.2635253489580657,0.6391498809670197,0.1108336573774475,0.1383784882317612,0.2323351268400657,0.2849714003921956,0.6911647678670192,0.0868368517215489,0.108654027950159,0.1838226845062856,0.2255714285766377,0.5470970906379891,0.087704178125999,0.1147208521261467,0.1852853139602006,0.2380940724977788,0.5774692973468903,0.099083594592072,0.1280696458967833,0.2084059475038728,0.2647887924208896,0.6422142151650969,,,,,,,,,,,,,,,,,,,,,,,,,,,,,,,,,,,,,,,,,,,,,,,,,,,,,,,,,,,,,,,,,,,,,,,
B1_static_gates,hc-11,Achilles_10252013,spikein,3.0,5518,20,1,35.9518,7.674163741453836,7.674163741453836,4,2,"[2, 7, 9, 14]",518,False,7,,0.25,0.25,0.25,0,"[13, 14, 15, 16]",,6677.87830805263,,,,,,,,,,,,,,,,,,,,,,,,,,,,,,,,,,,,,,,,,,,,,,,,,,,,,,,,,,,,,,,,,,,,,,,,,,,,,,,,,,,,,,,,,,,,,,,,,,,,,,,,,,,,,,,,,,,,,,,,,,,,,,,,,,,,,,,,,,,,,,,,,,,,,,,,,,,,,,,,,,,,,,,,,,,,,,,,,,,
B2_modular_hmm_hawkes,hc-11,Achilles_10252013,spikein,3.0,5518,20,1,35.9518,7.674163741453836,7.674163741453836,4,2,"[2, 7, 9, 14]",518,False,7,0.7375,0.0,0.0,0.0,0,"[4, 5, 13, 17]",17.0,,,,,,,0.2778216362803219,,,,,,,,,,,,,,,,,,,,,,,,,,,,,,,,,,,,,,,,,,,,,,,,,,,,,,,,,,,,,,,,,,,,,,,,,,,,,,,,,,,,,,,,,,,,,,,,,,,,,,,2.0,0.2778216362803219,190.0,3.0,"[262.45795698820547, 420.98428201264164]","[13, 17, 4, 5, 8, 12, 6, 19, 3, 14]","[0.036710725448192455, 0.01750591099713545, 0.016876185971740613, 0.014809645628326831, 0.013392666925714641, 0.013315149107822596, 0.009065551023152926, 0.008563070357802346, 0.008314855887588376, 0.007598091153814271]","[17, 5, 19, 3, 8, 4, 1, 6, 14, 9]","[2459.678467841081, 516.6318953996071, 459.82462487994843, 415.3148589260236, 332.79240057489807, 316.42459083982794, 281.97285955960626, 269.21002168465014, 145.7492822648577, 126.00091546280794]","[13, 12, 15, 4, 8, 2, 5, 9, 14, 10]","[4752.991808332907, 612.7861354800596, 52.50331619184534, 10.522617477556855, 6.300951559503301, 5.41707930496687, 4.963105689838963, 4.9316824668373265, 4.630714214460539, 4.485479564085491]",2.9672204685580237,2.132652748239985,0.0007357195200858706,281.97285955960626,1.8089289667869641,0.0066052872422098395,119.77048314560518,5.41707930496687,0.0074496315740856635,415.3148589260236,1.9461548311717203,0.008314855887588376,316.42459083982794,10.522617477556855,0.016876185971740613,516.6318953996071,4.963105689838963,0.014809645628326831,269.21002168465014,3.568967516825133,0.009065551023152926,1.772543005070387,3.7201097231431777,0.0007510235621820444,332.79240057489807,6.300951559503301,0.013392666925714641,126.00091546280794,4.9316824668373265,0.007290573636330575,2.488363819770482,4.485479564085491,0.0009770992450165781,3.113939461333672,4.12442703460633,0.0010481276848989646,3.382427860301727,612.7861354800596,0.013315149107822596,3.31485299120208,4752.991808332907,0.036710725448192455,145.7492822648577,4.630714214460539,0.007598091153814271,6.818743762670719,52.50331619184534,0.00553379224334369,5.414101710179076,0.865719286053152,0.0006331827123017037,2459.678467841081,1.4565872296046853,0.01750591099713545,9.409159588405645,1.0310310598109247,0.0009109375173975547,459.82462487994843,1.8642845681018763,0.008563070357802346
B3_static_svd,hc-11,Achilles_10252013,spikein,3.0,5518,20,1,35.9518,7.674163741453836,7.674163741453836,4,2,"[2, 7, 9, 14]",518,False,7,,0.25,0.25,0.25,0,"[0, 4, 7, 8]",,,,,,,,,,,,,,,,,,,,,,,,,,,,,,,,,,,,,,,,,,,,,,,,,,,,,,,,,,,,,,,,,,,,,,,,,,,,,,,,,,,,,,,,,,,,,,,,,,,,,,,,,,,,,,,,,,,,,,,,,,,,,,,,,,,,,,,,,,,,,,,,,,,,,,,,,,,,,,,,,,,,,,,,,,,,,,,,,,,,,
Proposed,hc-11,Achilles_10252013,spikein,3.0,5490,20,1,35.9518,7.635222714857115,7.635222714857115,4,0,"[0, 7, 9, 14]",490,False,8,0.675,0.5,0.5,0.5,1,"[6, 0, 14, 2]",0.0,8551.652183767028,14.136240654208198,19.99616,5.859919345791802,0.0030620001205873,3.377387393027135,0.7175429218642289,0.072743413618088,19.6704510127277,0.2419702648960301,0.1478171060180942,0.4212042487440131,0.2401834576314742,1.0,0.1549332051703782,0.1399657733836602,0.2705417136123522,0.2358633373869407,0.8905916948794899,0.1408355082919129,0.1541631948791573,0.244531885839528,0.2612974114695567,0.9866277104632396,0.1368796896718224,0.1347662463853389,0.2395046398634077,0.2287952554238776,0.8639034644628029,0.145007613370459,0.1159231979099956,0.2556228895040354,0.1961506755235601,0.7406414430560693,0.1205951884904445,0.1442254230884781,0.210218175016272,0.2464843437383351,0.9306953419855106,0.1395054751533033,0.1561635289938752,0.2420308159041521,0.2648389141096319,1.0,0.1475473178144588,0.1398285025991466,0.2576587389244757,0.2363599714236445,0.892466925482868,0.1421253329792939,0.1152439083628515,0.2506109963409457,0.1952342565423648,0.7371811548115103,0.1516139104387926,0.1515714160820568,0.263516306759214,0.2557839945056679,0.9658097087642658,0.1220834153648435,0.1444320448998584,0.2127974812835797,0.246689270106062,0.9314691193906016,0.1094572084034991,0.1367224209443263,0.1913726753210922,0.2347128098135814,0.8862474406477158,0.1157620874813462,0.1384446395486126,0.2022602632786033,0.2370697588941787,0.8951469979069695,0.1188081832916745,0.1359293560232418,0.2077859784892662,0.2324701675610528,0.877779492272122,0.1524840709786001,0.1554456447556965,0.2646273027714969,0.2622246574453429,0.9901288801418102,0.0936551069498288,0.1108127811646056,0.1654281275532498,0.191455797987137,0.7229141481371676,0.0992560728770107,0.1221232198617798,0.1745443215361411,0.2105197083200542,0.7948971888357319,0.0805125477457898,0.0972534574848612,0.1429764535645077,0.1689072216201949,0.6377734261146933,0.0815846107585834,0.1013442130596394,0.1446422947571152,0.1759360708375109,0.6643135183852967,0.0915510829216504,0.116953101934839,0.1613230032246545,0.2022212319479341,0.7635631365873341,,,,,,,,,,,,,,,,,,,,,,,,,,,,,,,,,,,,,,,,,,,,,,,,,,,,,,,,,,,,,,,,,,,,,,,
B1_static_gates,hc-11,Achilles_10252013,spikein,3.0,5490,20,1,35.9518,7.635222714857115,7.635222714857115,4,0,"[0, 7, 9, 14]",490,False,8,,0.25,0.25,0.25,1,"[13, 14, 15, 16]",,6784.199347721671,,,,,,,,,,,,,,,,,,,,,,,,,,,,,,,,,,,,,,,,,,,,,,,,,,,,,,,,,,,,,,,,,,,,,,,,,,,,,,,,,,,,,,,,,,,,,,,,,,,,,,,,,,,,,,,,,,,,,,,,,,,,,,,,,,,,,,,,,,,,,,,,,,,,,,,,,,,,,,,,,,,,,,,,,,,,,,,,,,,
B2_modular_hmm_hawkes,hc-11,Achilles_10252013,spikein,3.0,5490,20,1,35.9518,7.635222714857115,7.635222714857115,4,0,"[0, 7, 9, 14]",490,False,8,0.925,0.0,0.0,0.0,0,"[10, 13, 15, 18]",18.0,,,,,,,0.556644330789245,,,,,,,,,,,,,,,,,,,,,,,,,,,,,,,,,,,,,,,,,,,,,,,,,,,,,,,,,,,,,,,,,,,,,,,,,,,,,,,,,,,,,,,,,,,,,,,,,,,,,,,0.0,0.556644330789245,190.0,5.0,"[235.507006785019, 360.24992397411705]","[10, 15, 13, 18, 12, 6, 11, 16, 19, 7]","[0.16752851756102902, 0.10223244798903361, 0.035503472070523644, 0.02574913821442463, 0.024553199814745942, 0.020049959935098206, 0.01884735780966837, 0.015738006340135783, 0.014027815812942067, 0.006529534931929393]","[18, 19, 11, 7, 10, 15, 14, 16, 2, 13]","[3448.1713660401088, 2012.3167121690788, 630.8816508323202, 365.0771202859138, 242.93526985350334, 99.7669643242482, 79.95555533458374, 4.657893196620084, 4.516084337345547, 4.346408038506093]","[13, 12, 6, 10, 15, 16, 4, 5, 2, 11]","[2283.560357982491, 1318.2848629863472, 1122.4675716273498, 909.6791821813166, 824.8825167425505, 418.70798382417684, 9.568644770506953, 5.676386737712933, 5.118816490840554, 4.433578385752336]",2.678855768446215,3.222057560784089,0.0010469854467023772,4.175623171135975,1.884442637032253,0.0009996579917009908,4.516084337345547,5.118816490840554,0.0017134251368214344,4.145178368871145,1.5753657975413342,0.0009106712994149499,1.2469779495084397,9.568644770506953,0.001230988327253764,3.311086036182466,5.676386737712933,0.00154497178690121,2.8200353446440487,1122.4675716273498,0.020049959935098206,365.0771202859138,0.9195624301777247,0.006529534931929393,1.4637020557358567,0.562588727048029,0.00032338597882549075,2.595734004090355,3.948227581559766,0.0011408551681124823,242.93526985350334,909.6791821813166,0.16752851756102902,630.8816508323202,4.433578385752336,0.01884735780966837,3.6008768368711004,1318.2848629863472,0.024553199814745942,4.346408038506093,2283.560357982491,0.035503472070523644,79.95555533458374,3.5463421610007995,0.006000866586805322,99.7669643242482,824.8825167425505,0.10223244798903361,4.657893196620084,418.70798382417684,0.015738006340135783,3.9369404744909335,2.27751385723708,0.0010671101974624316,3448.1713660401088,1.5140418926827917,0.02574913821442463,2012.3167121690788,0.7699900480957583,0.014027815812942067
B3_static_svd,hc-11,Achilles_10252013,spikein,3.0,5490,20,1,35.9518,7.635222714857115,7.635222714857115,4,0,"[0, 7, 9, 14]",490,False,8,,0.5,0.5,0.5,1,"[0, 4, 7, 8]",,,,,,,,,,,,,,,,,,,,,,,,,,,,,,,,,,,,,,,,,,,,,,,,,,,,,,,,,,,,,,,,,,,,,,,,,,,,,,,,,,,,,,,,,,,,,,,,,,,,,,,,,,,,,,,,,,,,,,,,,,,,,,,,,,,,,,,,,,,,,,,,,,,,,,,,,,,,,,,,,,,,,,,,,,,,,,,,,,,,,
Proposed,hc-11,Achilles_10252013,spikein,2.0,5401,20,1,35.9518,7.511445880317536,7.511445880317536,4,0,"[0, 7, 9, 14]",401,False,8,0.725,0.75,0.75,0.75,1,"[0, 14, 6, 9]",0.0,8193.827018227827,14.135535819334349,19.99616,5.860624180665651,0.0034290531682167,3.782455956454181,0.7948878626983854,0.083877257849626,19.561129696372063,0.2736703085458862,0.1654415690969203,0.5204773854510274,0.2920474047537824,1.0,0.1731284407891,0.1560958105132641,0.3303871952245467,0.2864195275372153,0.8901371096696674,0.1547107560162055,0.1693234557877766,0.2938135907407354,0.3128561442897788,0.9722970581477404,0.1515461066822763,0.149926649301619,0.2898420715646349,0.2773519628376866,0.8619568528876558,0.1617416295141106,0.1262627756314,0.3119978300353265,0.2326818814689529,0.723130783798819,0.1308324598978482,0.1600327626761767,0.2493068267522851,0.2983477760345144,0.9272078245476107,0.1555578981947742,0.1727878013706414,0.2950506835797027,0.3191643057885158,0.9919016175578372,0.1588931384940853,0.1535820923181796,0.3034985669593386,0.2833374650194242,0.8805586488538233,0.1567643987268027,0.1251301089381519,0.3025225656404359,0.2310295501745669,0.7179956541683492,0.1675667488287172,0.1720751803819355,0.3179060088713624,0.3164220334058399,0.9833791594921074,0.1324592221871386,0.1583804422837206,0.2525616009963088,0.2950897542568856,0.9170825160069686,0.1182423668440038,0.1474688576412833,0.2263462311444813,0.2762067012291717,0.8583975988563933,0.1250310930547648,0.1516764772815493,0.2389800668140441,0.2833803205958565,0.8806918357886203,0.1298692411956132,0.1508875152441715,0.2482939485304315,0.2813936276504934,0.8745175740984608,0.1659762009385596,0.1748811204716564,0.3145756173552834,0.3217701233055057,1.0,0.0987562459005074,0.1205850722970932,0.1908869178405928,0.2274929663272387,0.7070046279941434,0.1061025918811984,0.1324377628044884,0.2042163884156801,0.2491753840876384,0.7743894353145337,0.081777726991083,0.0984260469206886,0.1593319271458691,0.1868380891448431,0.5806570455500281,0.0840187242315113,0.1070881356245748,0.163185951724404,0.2031139941549399,0.6312394453169684,0.0937645222820844,0.1167013965795831,0.1814919811929298,0.2205543439165704,0.6854407166546175,,,,,,,,,,,,,,,,,,,,,,,,,,,,,,,,,,,,,,,,,,,,,,,,,,,,,,,,,,,,,,,,,,,,,,,
B1_static_gates,hc-11,Achilles_10252013,spikein,2.0,5401,20,1,35.9518,7.511445880317536,7.511445880317536,4,0,"[0, 7, 9, 14]",401,False,8,,0.25,0.25,0.25,1,"[13, 14, 15, 16]",,6590.015766336674,,,,,,,,,,,,,,,,,,,,,,,,,,,,,,,,,,,,,,,,,,,,,,,,,,,,,,,,,,,,,,,,,,,,,,,,,,,,,,,,,,,,,,,,,,,,,,,,,,,,,,,,,,,,,,,,,,,,,,,,,,,,,,,,,,,,,,,,,,,,,,,,,,,,,,,,,,,,,,,,,,,,,,,,,,,,,,,,,,,
B2_modular_hmm_hawkes,hc-11,Achilles_10252013,spikein,2.0,5401,20,1,35.9518,7.511445880317536,7.511445880317536,4,0,"[0, 7, 9, 14]",401,False,8,0.9,0.0,0.0,0.0,0,"[10, 13, 15, 18]",18.0,,,,,,,0.5646865831296987,,,,,,,,,,,,,,,,,,,,,,,,,,,,,,,,,,,,,,,,,,,,,,,,,,,,,,,,,,,,,,,,,,,,,,,,,,,,,,,,,,,,,,,,,,,,,,,,,,,,,,,0.0,0.5646865831296987,190.0,5.0,"[234.61929316131108, 350.4015851299402]","[10, 15, 13, 18, 12, 6, 11, 16, 19, 7]","[0.15955394392179115, 0.10178025369321188, 0.036212085304065646, 0.025262178154045536, 0.024978421213163574, 0.020117814101915484, 0.018888131643572642, 0.016051364635867392, 0.01384411165875449, 0.006272360929348665]","[18, 19, 11, 7, 10, 15, 16, 2, 13, 1]","[3448.548540179271, 2012.8235243673844, 630.7987883270293, 399.021782608842, 242.9712724577692, 99.76133218547821, 4.888519448082971, 4.560661594088191, 4.522133849925802, 4.141005528738123]","[13, 12, 6, 10, 15, 16, 4, 5, 2, 9]","[2303.672972045912, 1332.1977095143593, 1122.5256171117012, 832.3717450292518, 824.9392896531205, 418.70075523611627, 9.66479482723529, 5.790068791731947, 5.196088600220399, 4.935560254200506]",2.761447975536966,3.39058406508567,0.0010856181763353784,4.141005528738123,2.1079967353418367,0.0010482365219265295,4.560661594088191,5.196088600220399,0.0017271243729232667,4.118289976498592,1.586647744686753,0.0009069224146859773,1.2386466315836364,9.66479482723529,0.0012275563785273144,3.3540420161254327,5.790068791731947,0.0015634987056041623,2.8643263017989735,1122.5256171117012,0.020117814101915484,399.021782608842,0.783290118205307,0.006272360929348665,1.3911225923686765,0.5001099799713246,0.0002959285576333498,2.92879921344119,4.935560254200506,0.0013489145637035618,242.9712724577692,832.3717450292518,0.15955394392179115,630.7987883270293,4.493081762792494,0.018888131643572642,3.7206469101662725,1332.1977095143593,0.024978421213163574,4.522133849925802,2303.672972045912,0.036212085304065646,2.8336654627890554,3.73685372783605,0.0011545128009129025,99.76133218547821,824.9392896531205,0.10178025369321188,4.888519448082971,418.70075523611627,0.016051364635867392,3.9369404702878525,2.3657178157020065,0.0010827602634466478,3448.548540179271,1.4701525923502214,0.025262178154045536,2012.8235243673844,0.7564524913847012,0.01384411165875449
B3_static_svd,hc-11,Achilles_10252013,spikein,2.0,5401,20,1,35.9518,7.511445880317536,7.511445880317536,4,0,"[0, 7, 9, 14]",401,False,8,,0.5,0.5,0.5,1,"[0, 4, 7, 8]",,,,,,,,,,,,,,,,,,,,,,,,,,,,,,,,,,,,,,,,,,,,,,,,,,,,,,,,,,,,,,,,,,,,,,,,,,,,,,,,,,,,,,,,,,,,,,,,,,,,,,,,,,,,,,,,,,,,,,,,,,,,,,,,,,,,,,,,,,,,,,,,,,,,,,,,,,,,,,,,,,,,,,,,,,,,,,,,,,,,,
Proposed,hc-11,Achilles_10252013,spikein,4.0,5624,20,1,35.9518,7.821583342141423,7.821583342141423,4,2,"[2, 7, 9, 14]",624,False,7,0.5875,0.75,0.75,0.75,0,"[0, 2, 14, 9]",0.0,8571.429386869591,14.13500992375122,19.99616,5.86115007624878,2.160471283308604,1.3073436544290993,0.449351482451172,0.099900460621781,19.385054005493124,0.2467224754814662,0.1703954499419959,0.5126968450591497,0.3350231044917481,1.0,0.1762481617822365,0.1575803801208839,0.367827893468461,0.3175247498208132,0.7507437084378015,0.2331703121235099,0.2140882666226037,0.4774940338328106,0.4229469341561854,1.0,0.1513337293850347,0.1469840004836981,0.3169483060153987,0.2987178599150339,0.7062773974494013,0.174127061612841,0.1379424659125629,0.3657703249367091,0.2781563702226721,0.713424177389877,0.1354742188623538,0.1606837201041681,0.282434395150355,0.3283177687223954,0.7762623208923759,0.1636030307161122,0.1845581398340277,0.3383710278379673,0.3735067971346024,0.8831055789062043,0.1993206826363673,0.1806901389747565,0.4127685589382088,0.3612054775097437,0.8540207963213612,0.1714480913223043,0.1394118915944665,0.3599507880697026,0.2813888045526438,0.7020733432213244,0.2084039543869189,0.2092778399414487,0.4274552748276278,0.4170351261004136,0.98602234091715,0.1404880519202116,0.1680233422905853,0.2921823358679278,0.3427253125932623,0.810326981745424,0.1245613811057643,0.1544715724939307,0.2602202695219159,0.3167964110718128,0.7490216513895489,0.1315802524236852,0.1574366890517206,0.2746212538934037,0.322111243821996,0.7615878442638081,0.1305518403128304,0.1536408540985538,0.2728129033462982,0.3144565436143148,0.7434893558022404,0.2087999247158907,0.2105477220708307,0.4280868751758648,0.4195176846600331,0.9918920100390516,0.1007895603833505,0.1225555834983684,0.2127999144200796,0.2533734752010489,0.5990668207739827,0.1093562007746295,0.1336972308467893,0.2300328252235495,0.2755938572843775,0.651603865705305,0.0872007503064578,0.1123115853237067,0.1847227890972406,0.2332420141522889,0.5514687430413141,0.0875413568019335,0.1132905062521456,0.1853804411028093,0.2352447202542714,0.5562038668600456,0.1025993527534691,0.1408480865212435,0.2153049386231254,0.2909977391289476,0.6880242310055104,,,,,,,,,,,,,,,,,,,,,,,,,,,,,,,,,,,,,,,,,,,,,,,,,,,,,,,,,,,,,,,,,,,,,,,
B1_static_gates,hc-11,Achilles_10252013,spikein,4.0,5624,20,1,35.9518,7.821583342141423,7.821583342141423,4,2,"[2, 7, 9, 14]",624,False,7,,0.25,0.25,0.25,0,"[13, 14, 15, 16]",,6943.623521156304,,,,,,,,,,,,,,,,,,,,,,,,,,,,,,,,,,,,,,,,,,,,,,,,,,,,,,,,,,,,,,,,,,,,,,,,,,,,,,,,,,,,,,,,,,,,,,,,,,,,,,,,,,,,,,,,,,,,,,,,,,,,,,,,,,,,,,,,,,,,,,,,,,,,,,,,,,,,,,,,,,,,,,,,,,,,,,,,,,,
B2_modular_hmm_hawkes,hc-11,Achilles_10252013,spikein,4.0,5624,20,1,35.9518,7.821583342141423,7.821583342141423,4,2,"[2, 7, 9, 14]",624,False,7,0.7625,0.0,0.0,0.0,0,"[4, 5, 13, 17]",17.0,,,,,,,0.27501394970703086,,,,,,,,,,,,,,,,,,,,,,,,,,,,,,,,,,,,,,,,,,,,,,,,,,,,,,,,,,,,,,,,,,,,,,,,,,,,,,,,,,,,,,,,,,,,,,,,,,,,,,,2.0,0.27501394970703086,190.0,3.0,"[265.1720180270521, 436.8610211199352]","[13, 17, 4, 5, 8, 12, 6, 19, 3, 14]","[0.0365905345808827, 0.017757234244382483, 0.01713854968881145, 0.014982877443808107, 0.013671082032373138, 0.013247036580259943, 0.00928338455957529, 0.008643683932605749, 0.008151149765495622, 0.008056110313018963]","[17, 5, 19, 3, 8, 4, 1, 6, 14, 9]","[2458.847300696302, 516.5391012396236, 459.766615976581, 415.42568216234315, 332.79240057491376, 316.40722951778315, 281.73134883176385, 268.9518437416639, 125.74727095715689, 83.63387666856434]","[13, 12, 15, 4, 8, 14, 2, 5, 10, 9]","[4588.819429216398, 628.7642225871577, 52.50331619482151, 10.474523256564233, 6.33672566314152, 5.823509225711645, 5.300842447240329, 4.903653551122652, 4.4564180809394855, 4.333896191368534]",3.0115197764614945,2.1891424439920555,0.0007643875532031894,281.73134883176385,1.8418155938865213,0.00678147861128896,33.81208706053858,5.300842447240329,0.003985585898749622,415.42568216234315,1.804583288760723,0.008151149765495622,316.40722951778315,10.474523256564233,0.01713854968881145,516.5391012396236,4.903653551122652,0.014982877443808107,268.9518437416639,3.6155192999301784,0.00928338455957529,1.9804789419190256,3.3125363348411234,0.0007625163776750912,332.79240057491376,6.33672566314152,0.013671082032373138,83.63387666856434,4.333896191368534,0.005667794592949243,2.522591531283571,4.4564180809394855,0.0009981600107687335,3.113939462538423,4.019275040048232,0.0010532044415620327,3.1490690007077253,628.7642225871577,0.013247036580259943,3.2920700521370487,4588.819429216398,0.0365905345808827,125.74727095715689,5.823509225711645,0.008056110313018963,6.725422479579786,52.50331619482151,0.005594185836367931,5.748205163199461,0.9029854019370939,0.0006782506695544945,2458.847300696302,1.4469436423319268,0.017757234244382483,10.526624710916629,1.0417906958003373,0.0009858674853027603,459.766615976581,1.8335503899846493,0.008643683932605749
B3_static_svd,hc-11,Achilles_10252013,spikein,4.0,5624,20,1,35.9518,7.821583342141423,7.821583342141423,4,2,"[2, 7, 9, 14]",624,False,7,,0.25,0.25,0.25,0,"[0, 4, 7, 8]",,,,,,,,,,,,,,,,,,,,,,,,,,,,,,,,,,,,,,,,,,,,,,,,,,,,,,,,,,,,,,,,,,,,,,,,,,,,,,,,,,,,,,,,,,,,,,,,,,,,,,,,,,,,,,,,,,,,,,,,,,,,,,,,,,,,,,,,,,,,,,,,,,,,,,,,,,,,,,,,,,,,,,,,,,,,,,,,,,,,,
Proposed,hc-11,Achilles_10252013,spikein,4.0,5747,20,1,35.9518,7.992645708977021,7.992645708977021,4,0,"[0, 2, 9, 14]",747,False,9,0.675,1.0,1.0,1.0,1,"[0, 14, 2, 9]",0.0,9408.966558352848,14.137025080059416,19.99616,5.859134919940585,0.0020145198789417,2.4287620800677576,0.6874462910323678,0.0645686787654729,19.73690474943707,0.1920253129554719,0.1254724598867163,0.2810194319358856,0.1733457548761443,1.0,0.1233162237000706,0.1185916092506254,0.1810550466917455,0.1694868485792212,0.8754044153557956,0.1417039298936775,0.1349991282323341,0.2064459405965154,0.1912147581473926,0.9876296890680392,0.1117761620902841,0.111462033981847,0.164664119793104,0.1601865543790465,0.8273681300912468,0.1183077904803762,0.1006195283775236,0.175174996044239,0.144149265368049,0.7445350741447139,0.0979593172370039,0.1154934877989841,0.1440355649001782,0.16709234208815,0.8630367209154681,0.1066686711094266,0.1184944026286801,0.1566214057750087,0.1707202595248216,0.8817750181298629,0.1060956991339718,0.1108977858729879,0.1563365836378937,0.159825790403516,0.8255047738501693,0.114015768350284,0.1004658160165332,0.1688324137786277,0.1442319479182026,0.7449621318785979,0.1339291831533469,0.1308231724159164,0.1955032815114395,0.1860242790091937,0.960820716020979,0.0977045900322374,0.1149050745255815,0.1437018954170132,0.1662594483566938,0.8587348009957162,0.0921423430742058,0.1133628078145516,0.1356234488236414,0.1644565861793492,0.8494229663397798,0.0944492110007048,0.1104917321785786,0.139202352242595,0.1601131643406793,0.826989068446238,0.0979826849844681,0.1069347097208664,0.1446550990163584,0.1547086247183262,0.7990744668825552,0.1374989250066923,0.1364086196719661,0.2001828941644221,0.1936097712168104,1.0,0.085012756808992,0.098354291488977,0.1260113998316074,0.1431715784957262,0.7394852935154712,0.0923538147842503,0.1085678720233397,0.136239043621401,0.1574902534028095,0.813441658512405,0.0769691282973927,0.0839822368556009,0.1148537705785666,0.1227212982669749,0.6338590118447468,0.080228797107926,0.0950642616615931,0.119101883592111,0.1387052463282478,0.7164165602619367,0.0850292851912258,0.1013979653536565,0.1258580812483626,0.1476048816013613,0.7623834307209045,,,,,,,,,,,,,,,,,,,,,,,,,,,,,,,,,,,,,,,,,,,,,,,,,,,,,,,,,,,,,,,,,,,,,,,
B1_static_gates,hc-11,Achilles_10252013,spikein,4.0,5747,20,1,35.9518,7.992645708977021,7.992645708977021,4,0,"[0, 2, 9, 14]",747,False,9,,0.25,0.25,0.25,1,"[13, 14, 15, 16]",,7366.29149121723,,,,,,,,,,,,,,,,,,,,,,,,,,,,,,,,,,,,,,,,,,,,,,,,,,,,,,,,,,,,,,,,,,,,,,,,,,,,,,,,,,,,,,,,,,,,,,,,,,,,,,,,,,,,,,,,,,,,,,,,,,,,,,,,,,,,,,,,,,,,,,,,,,,,,,,,,,,,,,,,,,,,,,,,,,,,,,,,,,,
B2_modular_hmm_hawkes,hc-11,Achilles_10252013,spikein,4.0,5747,20,1,35.9518,7.992645708977021,7.992645708977021,4,0,"[0, 2, 9, 14]",747,False,9,0.9375,0.0,0.0,0.0,0,"[11, 13, 18, 19]",19.0,,,,,,,0.4994446286226037,,,,,,,,,,,,,,,,,,,,,,,,,,,,,,,,,,,,,,,,,,,,,,,,,,,,,,,,,,,,,,,,,,,,,,,,,,,,,,,,,,,,,,,,,,,,,,,,,,,,,,,0.0,0.4994446286226037,190.0,4.0,"[252.86030777927823, 385.7317226265262]","[13, 11, 18, 19, 4, 7, 3, 15, 5, 8]","[0.41428208057912436, 0.026717371480180496, 0.020759886584086895, 0.01904487241794201, 0.009207069178235812, 0.008957745061556785, 0.005050752111091658, 0.002006826863779942, 0.001770325376679711, 0.0017571356792736293]","[19, 18, 11, 7, 13, 8, 15, 16, 17, 3]","[1154.822982320523, 966.561760213671, 605.9105319636086, 343.4917427085481, 198.20185536275068, 21.863467003160093, 6.14596090649753, 4.815197958278567, 4.32129532685136, 3.901703952442365]","[13, 4, 3, 2, 6, 11, 10, 5, 12, 9]","[3065.9593294832166, 200.16243818822886, 23.149392703888893, 4.998047548471536, 4.563346087934334, 4.17119760298314, 4.139127240730945, 4.052804778842088, 3.6999269780032473, 3.0302677389466903]",2.6100204412818275,2.4224268609682102,0.001336307442449007,3.64644458513452,2.06270180136743,0.0014575119662126384,2.1656458307386566,4.998047548471536,0.0017484491434011735,3.901703952442365,23.149392703888893,0.005050752111091658,1.4994846966927315,200.16243818822886,0.009207069178235812,2.737992869961325,4.052804778842088,0.001770325376679711,2.2530839912920615,4.563346087934334,0.0017040780823269117,343.4917427085481,0.8271092977136142,0.008957745061556785,21.863467003160093,0.500003876153708,0.0017571356792736293,2.392754030426065,3.0302677389466903,0.0014310296278465748,1.9850746275450444,4.139127240730945,0.001523357741420599,605.9105319636086,4.17119760298314,0.026717371480180496,2.6029182647963625,3.6999269780032473,0.0016492478932099127,198.20185536275068,3065.9593294832166,0.41428208057912436,2.4197933010746366,2.720135947546752,0.0013634635618960565,6.14596090649753,2.320127364043802,0.002006826863779942,4.815197958278567,0.9192750413869097,0.0011181212560136221,4.32129532685136,1.961297154421858,0.0015471690503967982,966.561760213671,1.5787092427499108,0.020759886584086895,1154.822982320523,1.1120454176766417,0.01904487241794201
B3_static_svd,hc-11,Achilles_10252013,spikein,4.0,5747,20,1,35.9518,7.992645708977021,7.992645708977021,4,0,"[0, 2, 9, 14]",747,False,9,,0.5,0.5,0.5,1,"[0, 2, 4, 8]",,,,,,,,,,,,,,,,,,,,,,,,,,,,,,,,,,,,,,,,,,,,,,,,,,,,,,,,,,,,,,,,,,,,,,,,,,,,,,,,,,,,,,,,,,,,,,,,,,,,,,,,,,,,,,,,,,,,,,,,,,,,,,,,,,,,,,,,,,,,,,,,,,,,,,,,,,,,,,,,,,,,,,,,,,,,,,,,,,,,,
Proposed,hc-11,Achilles_10252013,spikein,4.0,5607,20,1,35.9518,7.797940575993413,7.797940575993413,4,0,"[0, 7, 9, 14]",607,False,8,0.7,0.5,0.5,0.5,1,"[6, 0, 2, 14]",0.0,8924.29753448096,14.13437023577289,19.99616,5.86178976422711,0.0021989567367066,2.6523806621853234,0.7257288409182863,0.0735619278893977,19.66837538305531,0.2310164196178415,0.141263628080504,0.3919624735855619,0.2244538942778471,1.0,0.1476698737202642,0.1345665583720765,0.2512370028892586,0.2215803975403867,0.8727677607946686,0.1354466541274801,0.1522411653042352,0.2287754159625695,0.2519766979825737,0.99249365427554,0.1317925195901704,0.1306838856421387,0.2245735129380242,0.2166327869472777,0.8532799583240339,0.139658584449093,0.1134096155367341,0.2396518633664702,0.1873778787951974,0.7380498162917676,0.1164446368215279,0.139221781109756,0.1977297384300917,0.2322690808739479,0.9148686791178932,0.1360977659448358,0.153430331459025,0.2297645405233329,0.2538824272549141,1.0,0.1438279456961886,0.1321774120306663,0.2449389090194083,0.2180099406092567,0.8587043339961486,0.134992042073904,0.1119021666344822,0.2317872032512177,0.1852516847654628,0.7296750971246164,0.1539375056624178,0.1489464193096997,0.2603563853132534,0.2446259903959426,0.9635404586325408,0.1199424178179922,0.144651027736734,0.2032202691617377,0.2409769770803066,0.9491676115036918,0.1068997733316069,0.1327702844076542,0.1820006812708764,0.2223798098496389,0.8759165108593964,0.1131608595141233,0.1360356838824627,0.1924067433212926,0.2272638060056745,0.8951537468069309,0.1164278410731458,0.1326489556896649,0.1982313055617118,0.2213005471002175,0.8716654771778186,0.1526211120841984,0.1506122446895701,0.257961751752236,0.2474958513908891,0.9748443563696808,0.0930141725250731,0.1094387272502293,0.1598657091059881,0.1843632115731188,0.7261755512838484,0.097059876309308,0.1156232376451986,0.1664041133683239,0.1944542726068885,0.7659225363071074,0.0808852904719242,0.0967565889250191,0.1397365266159312,0.1638044166739911,0.6451979305740648,0.0818706846366413,0.1022734954617404,0.1411192155187439,0.1730738323532765,0.6817085933226066,0.0905568608969356,0.1103860282236576,0.1555838127444078,0.1861336696236294,0.7331490865129445,,,,,,,,,,,,,,,,,,,,,,,,,,,,,,,,,,,,,,,,,,,,,,,,,,,,,,,,,,,,,,,,,,,,,,,
B1_static_gates,hc-11,Achilles_10252013,spikein,4.0,5607,20,1,35.9518,7.797940575993413,7.797940575993413,4,0,"[0, 7, 9, 14]",607,False,8,,0.25,0.25,0.25,1,"[13, 14, 15, 16]",,7059.02564618991,,,,,,,,,,,,,,,,,,,,,,,,,,,,,,,,,,,,,,,,,,,,,,,,,,,,,,,,,,,,,,,,,,,,,,,,,,,,,,,,,,,,,,,,,,,,,,,,,,,,,,,,,,,,,,,,,,,,,,,,,,,,,,,,,,,,,,,,,,,,,,,,,,,,,,,,,,,,,,,,,,,,,,,,,,,,,,,,,,,
B2_modular_hmm_hawkes,hc-11,Achilles_10252013,spikein,4.0,5607,20,1,35.9518,7.797940575993413,7.797940575993413,4,0,"[0, 7, 9, 14]",607,False,8,0.95,0.0,0.0,0.0,0,"[10, 13, 15, 18]",18.0,,,,,,,0.5563059879498446,,,,,,,,,,,,,,,,,,,,,,,,,,,,,,,,,,,,,,,,,,,,,,,,,,,,,,,,,,,,,,,,,,,,,,,,,,,,,,,,,,,,,,,,,,,,,,,,,,,,,,,0.0,0.5563059879498446,190.0,5.0,"[236.16081401755358, 371.4885510141162]","[10, 15, 13, 18, 12, 6, 11, 16, 19, 7]","[0.16787327831996954, 0.10277244726148516, 0.035757733824725677, 0.02562679196501475, 0.024391552073242725, 0.020159698329409094, 0.018911949655831612, 0.016613127561716998, 0.013744414105347533, 0.007685115947154333]","[18, 19, 11, 7, 10, 15, 14, 16, 2, 13]","[3449.116261420788, 2012.2881628903851, 630.8726534742076, 324.59298967724885, 243.01858903813343, 99.69110412761658, 73.13787766874066, 5.133401661133359, 4.5001787599012975, 4.41009361069544]","[13, 12, 6, 10, 15, 16, 4, 5, 2, 9]","[2257.2703115419313, 1304.2572979468139, 1122.37553035426, 902.8488548216021, 824.8754792948124, 418.59010314114624, 9.429837558023346, 5.616403771519218, 5.084908946507237, 4.493632696456904]",2.618265749537231,3.1338461861364832,0.0010265970196076198,4.051012761101941,1.8550712801637588,0.0009824634553385093,4.5001787599012975,5.084908946507237,0.0017143945263255107,4.030820879184589,1.4450616027475773,0.0008649564246011875,1.2957027710544726,9.429837558023346,0.001252734672922904,3.2837187575580513,5.616403771519218,0.0015390985762121516,2.8191700406822497,1122.37553035426,0.020159698329409094,324.59298967724885,1.4166191737281228,0.007685115947154333,1.4756716944587454,0.5549433725131224,0.0003243198320305761,2.313309148249434,4.493632696456904,0.0011554999245917696,243.01858903813343,902.8488548216021,0.16787327831996954,630.8726534742076,4.413898143832732,0.018911949655831612,3.551460590900016,1304.2572979468139,0.024391552073242725,4.41009361069544,2257.2703115419313,0.035757733824725677,73.13787766874066,3.9601491738245795,0.006099317596503911,99.69110412761658,824.8754792948124,0.10277244726148516,5.133401661133359,418.59010314114624,0.016613127561716998,3.936940473173794,2.3021206725898278,0.0010789411693959867,3449.116261420788,1.4824226990713865,0.02562679196501475,2012.2881628903851,0.7308928170696741,0.013744414105347533
B3_static_svd,hc-11,Achilles_10252013,spikein,4.0,5607,20,1,35.9518,7.797940575993413,7.797940575993413,4,0,"[0, 7, 9, 14]",607,False,8,,0.5,0.5,0.5,1,"[0, 4, 7, 8]",,,,,,,,,,,,,,,,,,,,,,,,,,,,,,,,,,,,,,,,,,,,,,,,,,,,,,,,,,,,,,,,,,,,,,,,,,,,,,,,,,,,,,,,,,,,,,,,,,,,,,,,,,,,,,,,,,,,,,,,,,,,,,,,,,,,,,,,,,,,,,,,,,,,,,,,,,,,,,,,,,,,,,,,,,,,,,,,,,,,,
