method,dataset,session,condition,alpha1_strength,events,K,M,T,empirical_nu_base,mean_events_per_actor_mark_per_sec,ring_size,hub_actor,true_ring,n_injected_events,hawkes_sampler_used,seed,field_auc,precision,recall,f1,hub_correct,pred_ring,hub_pred,loglik_final,beta0_hat,beta1_hat,beta_gap_hat,rho0_00,rho1_00,rho_lift_00,rho0_01,rho1_01,rho_lift_01,rho0_10,rho1_10,rho_lift_10,rho0_11,rho1_11,rho_lift_11,rho0_stress_same,rho1_stress_same,rho_lift_stress_same,rho0_same_mark_mass,rho1_same_mark_mass,rho_lift_same_mark_mass,eta_on_hat,eta_off_hat,active_mean,gate_gini,gate_effective_support,proposed_lr,proposed_lambda_g,proposed_lambda_h,proposed_lambda_e,proposed_lambda_0,proposed_n_inner_steps,proposed_stability_target,proposed_eta_prior_weight_s,proposed_eta_prior_weight_pi,proposed_eta_off_floor,proposed_eta_pi1_target,proposed_eta_beta_prior_kappa,proposed_eta_beta_prior_target,proposed_eta_gamma_prior_shape,proposed_eta_gamma_prior_rate,proposed_eta_gamma_prior_weight,proposed_pi1_init,g0_hat,h0_hat,sender0_score,receiver0_score,member0_score,g1_hat,h1_hat,sender1_score,receiver1_score,member1_score,g2_hat,h2_hat,sender2_score,receiver2_score,member2_score,g3_hat,h3_hat,sender3_score,receiver3_score,member3_score,g4_hat,h4_hat,sender4_score,receiver4_score,member4_score,g5_hat,h5_hat,sender5_score,receiver5_score,member5_score,g6_hat,h6_hat,sender6_score,receiver6_score,member6_score,g7_hat,h7_hat,sender7_score,receiver7_score,member7_score,g8_hat,h8_hat,sender8_score,receiver8_score,member8_score,g9_hat,h9_hat,sender9_score,receiver9_score,member9_score,g10_hat,h10_hat,sender10_score,receiver10_score,member10_score,g11_hat,h11_hat,sender11_score,receiver11_score,member11_score,g12_hat,h12_hat,sender12_score,receiver12_score,member12_score,g13_hat,h13_hat,sender13_score,receiver13_score,member13_score,g14_hat,h14_hat,sender14_score,receiver14_score,member14_score,g15_hat,h15_hat,sender15_score,receiver15_score,member15_score,g16_hat,h16_hat,sender16_score,receiver16_score,member16_score,g17_hat,h17_hat,sender17_score,receiver17_score,member17_score,g18_hat,h18_hat,sender18_score,receiver18_score,member18_score,g19_hat,h19_hat,sender19_score,receiver19_score,member19_score
Proposed,binance_vision,ftx_k20_q99_minutes_spikein_compact_alpha_1_seed_7,crypto_spikein_compact,1.0,5413,20,2,119.98604999999986,1.1278394446687774,1.1278394446687774,4,0,"[0, 4, 6, 18]",413,False,7,0.6739130434782609,0.25,0.25,0.25,0,"[19, 0, 11, 12]",19,-221.91007804092786,0.35306770516832453,0.49952,0.1464522948316755,0.6012647853820612,0.5589118893994183,-0.04235289598264291,0.3987352146179389,0.44108811060058173,0.0423528959826428,0.34633289041603366,0.3826985900768793,0.03636569966084563,0.6536671095839663,0.6173014099231207,-0.036365699660845685,0.6536671095839663,0.6173014099231207,-0.036365699660845685,1.2549318949660275,1.176213299322539,-0.0787185956434886,0.018503577266225438,0.15439932431921055,0.17111607937265572,0.06371208912279402,19.690067681695258,0.0025,0.05,0.05,0.05,0.1,1,0.5,0.0,0.0,0.0,,0.0,0.5,2.0,1.0,0.0,0.15,0.00625,0.14621154537322767,0.006526524162400833,0.16949452872862728,1.0,0.0923726284119997,0.08998075781334114,0.10006465005363228,0.09893913657450173,0.9172053491102604,0.06343974970174528,0.09882866732353718,0.06833390032168138,0.11065297996130546,0.6528410137560765,0.054504077533856735,0.10258730902001453,0.05856735438338676,0.11549603746983259,0.6814145467477001,0.062133248688874335,0.07597264755683786,0.06790984225546387,0.08512898571265247,0.6224702783706428,0.0911584096260937,0.08131776710811102,0.09929291271883335,0.0894839734560691,0.9101315062376146,0.08718836880669675,0.0782396540349242,0.09515572218153853,0.08631223312721252,0.872209489930544,0.08442110391422758,0.08833751863603524,0.09154125903504536,0.09762176997223125,0.8390788595795802,0.09494250038899518,0.05975220679410016,0.10483074598175524,0.06559625026127802,0.9608919924683692,0.0974408945840432,0.0782382529568325,0.10634340122450282,0.08575414148370691,0.9747571834150637,0.08866987961233061,0.08796183824853827,0.09617791752869725,0.09694442165061723,0.8815790628990907,0.09816885236496027,0.05981332640875277,0.10839181310383213,0.06552871554546535,0.9935331880470175,0.09739301219396976,0.06114987652896043,0.10744943996670132,0.0670266796858303,0.9848952756396796,0.09638194686998702,0.07709898266021262,0.10526512838305004,0.08456202825439825,0.9648735969791871,0.09318177281963458,0.07963368121688535,0.10160524279828424,0.08751980866188155,0.9313266187638082,0.09384006179125466,0.07966105264080928,0.10232808658317208,0.08751657236288941,0.9379522971198997,0.09671611386188836,0.06829840231712811,0.10622133685549125,0.07489309217950535,0.9736383258351573,0.0955675879743059,0.0909682305831759,0.10345907356830772,0.09982476586161046,0.9483190681222917,0.08582944010628402,0.08372012921094418,0.0933453529138302,0.09243473764811028,0.8556154142473039,0.09913263609588596,0.06500907490896217,0.10909732498911012,0.07117617041099127,1.0
Proposed,binance_vision,ftx_k20_q99_minutes_spikein_compact_alpha_1_seed_8,crypto_spikein_compact,1.0,5359,20,2,119.98773333333371,1.1165724718526748,1.1165724718526748,4,0,"[0, 4, 6, 18]",359,False,8,0.7748447204968945,0.25,0.25,0.25,0,"[0, 11, 13, 19]",11,-259.809852395721,0.35306770516832453,0.49952,0.1464522948316755,0.5726584551342178,0.540062487859779,-0.03259596727443881,0.42734154486578235,0.459937512140221,0.03259596727443864,0.37506354924405805,0.40007901666530427,0.025015467421246218,0.6249364507559421,0.5999209833346957,-0.025015467421246385,0.6249364507559421,0.5999209833346957,-0.025015467421246385,1.1975949058901598,1.1399834711944745,-0.057611434695685304,0.017126270426058774,0.15252843123732737,0.1443618777202515,0.07316550486467643,19.593424364759805,0.0025,0.05,0.05,0.05,0.1,1,0.5,0.0,0.0,0.0,,0.0,0.5,2.0,1.0,0.0,0.15,0.0065184358470741,0.16629742407282516,0.0066269552983756076,0.193346229434585,1.0,0.09114431791825886,0.08586876629361867,0.09774341731415005,0.09479522648241054,0.8966556406526387,0.06372070533909392,0.10512309309213896,0.06748269241885857,0.11805214849443708,0.6190568988325816,0.0582738533220223,0.1089031363225906,0.0615615968214117,0.12271043069169948,0.6346667894716624,0.059373340033885766,0.0743346324370584,0.06414634115657303,0.08370129926242963,0.5884506620063007,0.09285609392451172,0.06598812289602361,0.10085692106997565,0.07277345560807752,0.925217571282519,0.0891453073675218,0.08043551952235933,0.09593414544953448,0.08891184851894038,0.8800581667003256,0.08003914209567853,0.0883315916992359,0.08569741196021691,0.09820006528503032,0.7861508215585717,0.09551674072539904,0.0588299558098742,0.10422252836049918,0.06476997146920757,0.9560921902000293,0.0965098491395715,0.06704319594750353,0.10475457315606065,0.07376820403654655,0.9609729379795631,0.09135502700477806,0.08254091487934999,0.09817921382824794,0.09111464179393562,0.9006534485181722,0.098404752859869,0.03482671609125597,0.10900886904922234,0.03827253263964739,1.0,0.09541166564356224,0.07304371997007504,0.1031669803722461,0.08042469713611027,0.9464090515943399,0.09965093224377972,0.06149855969593726,0.10854664013584321,0.06753069971448522,0.9957597127884116,0.09555127100646227,0.06923238398746208,0.10357108222168511,0.07622156780995305,0.9501161063777129,0.09579670468942121,0.09402001372757164,0.10219024115150527,0.10349923988315571,0.9374488703791783,0.09742696229423507,0.054879708838901545,0.10657310932616133,0.06034932167573398,0.9776553986450299,0.09564238815891721,0.09552496792839568,0.10192878359259926,0.1051598997743734,0.9350503723378131,0.08261647864432908,0.11571803493403288,0.08688711865348214,0.12843362229137695,0.7970646738317113,0.09891926755292481,0.05056158774594047,0.1085013766877532,0.05554489602226616,0.9953444855827283
Proposed,binance_vision,ftx_k20_q99_minutes_spikein_compact_alpha_1_seed_9,crypto_spikein_compact,1.0,5431,20,2,119.98280000000011,1.1316205322762918,1.1316205322762918,4,0,"[0, 4, 6, 18]",431,False,9,0.5644444444444444,0.25,0.25,0.25,0,"[19, 0, 13, 16]",19,-88.01473748810685,0.35306770516832453,0.49952,0.1464522948316755,0.5756238366164121,0.5386419358131892,-0.036981900803222945,0.42437616338358786,0.46135806418681086,0.036981900803223,0.34990403030623946,0.3830099908388055,0.03310596053256604,0.6500959696937605,0.6169900091611945,-0.03310596053256598,0.6500959696937605,0.6169900091611945,-0.03310596053256598,1.2257198063101726,1.1556319449743837,-0.07008786133578893,0.05716177329690913,0.28658383915171254,0.21054164177504456,0.06594729821064971,19.66366594219373,0.0025,0.05,0.05,0.05,0.1,1,0.5,0.0,0.0,0.0,,0.0,0.5,2.0,1.0,0.0,0.15,0.006292208488728408,0.13781445102107992,0.0064744920302602735,0.15599139325854205,1.0,0.08985863480796014,0.09610074769583318,0.0950598081473581,0.10320908662185252,0.892841097097448,0.05361242186380969,0.09925757347648781,0.05660037317364612,0.10909249950146017,0.6993494783436476,0.046116457371631725,0.10383311967406447,0.0485386190874606,0.11465964009914444,0.7350382460467298,0.05459506731473576,0.07202586769930697,0.058666120124190625,0.07911185545523367,0.5510165029255718,0.08894440051293363,0.08960252201210239,0.09449305313967286,0.09628697133915004,0.8875178992843119,0.08814294342635987,0.07012908301517773,0.09483284624910869,0.075401889748332,0.8907093769290443,0.07705455154818486,0.09362556295097585,0.08164627333224185,0.10138895581222483,0.7668556214933081,0.09543593805170289,0.07512296709254639,0.10234809042803561,0.08039095403397116,0.9612956634831561,0.09654465075938154,0.06552870572332344,0.10417982246036653,0.07007895730767798,0.978500049534511,0.08790345223260487,0.09509539640496073,0.0930532939499364,0.10225979361168178,0.8739950845472177,0.09610828344888141,0.07321495325845755,0.10319974099769887,0.07831042803801835,0.9692947184337308,0.09452345445991057,0.07721309901982998,0.10123235894633094,0.08267032803979406,0.9508162512099151,0.09732363664192847,0.062218663186566006,0.10524640888671455,0.06650039905394102,0.9885178710892695,0.09461460443270478,0.0732489881850035,0.10159144342604122,0.07842519803807989,0.954188921395807,0.09567527593271823,0.06215235465976089,0.1034661775307447,0.06649718568188938,0.9717972007246979,0.09646083255398799,0.06356190917816898,0.10422205046757363,0.06797138939302229,0.9788966724713528,0.09636830691355922,0.07495196001929912,0.10335931598474772,0.08015715575652557,0.9707935128167907,0.0854918473631506,0.07947567442119173,0.09142629254482547,0.08559687266311823,0.8587136133573487,0.09819773635983856,0.05814099561280421,0.10646889850432469,0.06210452595761994,1.0
Proposed,binance_vision,ftx_k20_q99_minutes_spikein_compact_alpha_1_seed_10,crypto_spikein_compact,1.0,5343,20,2,119.98604999999986,1.113254415825841,1.113254415825841,4,0,"[0, 4, 6, 18]",343,False,10,0.7220496894409938,0.25,0.25,0.25,0,"[0, 9, 16, 13]",9,-228.41862002232233,0.35306770516832453,0.49952,0.1464522948316755,0.5799526396210899,0.5453883184012797,-0.034564321219810235,0.4200473603789101,0.45461168159872034,0.034564321219810235,0.3833946945106996,0.400247718191661,0.01685302368096142,0.6166053054893005,0.5997522818083391,-0.01685302368096142,0.6166053054893005,0.5997522818083391,-0.01685302368096142,1.1965579451103903,1.1451406002096187,-0.051417344900771544,0.03914041675925869,0.22405810094938589,0.19958134059854318,0.06274345365610245,19.696498604628562,0.0025,0.05,0.05,0.05,0.1,1,0.5,0.0,0.0,0.0,,0.0,0.5,2.0,1.0,0.0,0.15,0.006360185966071589,0.15127024763858513,0.006561527816114747,0.17390203467362242,1.0,0.09172759580210989,0.09643645447601576,0.09811612675916656,0.10516022022837165,0.8992115795061947,0.05378873012711567,0.10473656611772092,0.05722434832364516,0.11695965390477743,0.6725605834588775,0.042572821966069194,0.1161251763754924,0.04495670590870811,0.13058199370619164,0.7508939958711042,0.05778937921708739,0.06706337745667071,0.06298942716266442,0.07470651375076469,0.5772835125275486,0.08695874764116107,0.0909102799028382,0.09334808262438958,0.09943345633140264,0.8555135592193565,0.09054245009257905,0.07469436237655291,0.09821026182685862,0.08151118069288998,0.9000743056013051,0.08822592662408191,0.0927036847401539,0.09459892236195867,0.10131208848147404,0.8669772157382226,0.09556108202894224,0.06302251279447432,0.10443053814525322,0.06855361883957202,0.9570816975355371,0.09985142518790967,0.06304159996241718,0.10911350453588174,0.06838805680634981,1.0,0.09051344465416836,0.09158855359640145,0.0971193965615938,0.0999534153962077,0.8900767780733896,0.09824557268633109,0.06164359602599494,0.10745508674158452,0.0669422570088028,0.984800984980261,0.09610842051989912,0.06595057864072565,0.10482897059416844,0.07171568976245851,0.9607332386587919,0.0984787221758122,0.0639598359063604,0.10755390728338422,0.06944453148790458,0.9857066523604817,0.09471760403385016,0.07259671038948262,0.10287842782413086,0.07901182709203824,0.9428569658882096,0.09540340572588493,0.0695581688286309,0.10382241120080024,0.07567237343096356,0.9515083549228177,0.09977693195792528,0.06738654680048306,0.10872944641325917,0.07310635533587051,0.9964801962483363,0.09563512579601016,0.07600571632020729,0.10364898582348096,0.08267458301681618,0.949918951502435,0.08524977650773233,0.08938905512594444,0.09159986641678444,0.09787117422769243,0.8394915625376328,0.09738869654648546,0.06149888125840022,0.10653068001797619,0.06681560016763281,0.9763290114372947
Proposed,binance_vision,ftx_k20_q99_minutes_spikein_compact_alpha_1_seed_11,crypto_spikein_compact,1.0,5386,20,2,119.97739999999988,1.1222946988349485,1.1222946988349485,4,0,"[0, 4, 6, 18]",386,False,11,0.7624223602484472,0.25,0.25,0.25,0,"[0, 9, 19, 13]",9,-234.30287529890592,0.35306770516832453,0.49952,0.1464522948316755,0.585144803500727,0.5475763498780999,-0.03756845362262706,0.4148551964992731,0.4524236501219001,0.03756845362262701,0.3777441137569554,0.3947699732223138,0.017025859465358395,0.6222558862430447,0.6052300267776862,-0.017025859465358506,0.6222558862430447,0.6052300267776862,-0.017025859465358506,1.2074006897437717,1.1528063766557861,-0.05459431308798557,0.021712867815320967,0.16875599774477257,0.17269454350023578,0.06381471534635197,19.658538699324623,0.0025,0.05,0.05,0.05,0.1,1,0.5,0.0,0.0,0.0,,0.0,0.5,2.0,1.0,0.0,0.15,0.006263923719746524,0.1470188503000398,0.006581866692906944,0.17110785523072022,1.0,0.09340879481572636,0.09473360918251866,0.10153898167464667,0.1045382638132355,0.9299107624020616,0.06118743613446839,0.10298076256076183,0.06616308700174345,0.11592545491271693,0.6774993161851286,0.052320216786043164,0.10726491239263905,0.056423961687573715,0.12141543969053621,0.7095842533168379,0.05588527655053541,0.0749734548776422,0.061517815060206794,0.0846763282111428,0.5633903094207389,0.08998574160783368,0.08636426543749619,0.09834430318438421,0.09549942987217515,0.9006533692165712,0.09134755318199612,0.07321658429583486,0.10067265448189033,0.08089847176226135,0.9219767949048591,0.08224993713147352,0.09057396390736024,0.08964693124844521,0.10064252006327513,0.8210014007365409,0.0962448444854746,0.0742206260322927,0.10598163760066501,0.08174647104138771,0.9705973390361592,0.09870816750870981,0.06704876496499024,0.10919217819606726,0.07373813963376698,1.0,0.09225235703657572,0.08429705532705664,0.10095411309128231,0.09308152713836416,0.9245544393299624,0.09685845926269031,0.06022266981635614,0.10760995725941062,0.06631251230620687,0.9855097593729143,0.09791359012770076,0.07147722887621677,0.10801872051703514,0.07864858271801133,0.9892532807897187,0.09837288389865491,0.06867222001093302,0.10871537138649948,0.0755369418694308,0.9956333244977345,0.09600009588606354,0.08830793542465336,0.10479126782266658,0.09727772706204081,0.9596957360306676,0.09516638794939379,0.0717571139480749,0.10496797917245729,0.07909148980367502,0.9613140877542993,0.0970567203337605,0.055422436037556255,0.1081523463984025,0.06101318639486012,0.9904770486783621,0.0962402641502161,0.07006481548677371,0.10626112041724013,0.07716998037665962,0.9731568888243618,0.08850189048437673,0.09316301914687561,0.09630722016926799,0.10311448969852903,0.8819974265586786,0.09934945345269437,0.08125508596310368,0.10892180702319275,0.0893285084869887,0.9975238961495114
Proposed,binance_vision,ftx_k20_q99_minutes_spikein_compact_alpha_1.5_seed_7,crypto_spikein_compact,1.5,5497,20,2,119.93219999999995,1.1458557418274662,1.1458557418274662,4,0,"[0, 4, 6, 18]",497,False,7,0.6956521739130435,0.25,0.25,0.25,0,"[0, 11, 19, 8]",11,-87.51289023865806,0.35306770516832453,0.49952,0.1464522948316755,0.5631042292058865,0.5360226149484126,-0.027081614257473907,0.43689577079411346,0.46397738505158737,0.027081614257473907,0.35078875133816867,0.3834702737388386,0.032681522400669905,0.6492112486618313,0.6165297262611615,-0.032681522400669794,0.6492112486618313,0.6165297262611615,-0.032681522400669794,1.2123154778677179,1.1525523412095742,-0.0597631366581437,0.019922275292991766,0.1669785076278016,0.17834919425976387,0.0607171911840414,19.709659830569986,0.0025,0.05,0.05,0.05,0.1,1,0.5,0.0,0.0,0.0,,0.0,0.5,2.0,1.0,0.0,0.15,0.00625,0.14242676920072705,0.0066172349632114425,0.16666567986765368,1.0,0.09216492471701174,0.07936987392633518,0.10161356468811704,0.08815186838101075,0.9165029502778494,0.06612584872728294,0.0955132627177405,0.07216551602617269,0.10780836305356008,0.650896448218446,0.05453794507058923,0.1025282868690583,0.05925466548208615,0.1165492197809008,0.6992994590935009,0.06339116230238076,0.079890463316428,0.06986647000424641,0.09032363249741716,0.6301602161180639,0.0904734220276937,0.09907488589394017,0.09850922886728408,0.11015565028569037,0.888503411562923,0.09111351691232174,0.06821081543404645,0.10115620893815713,0.0758095373665591,0.9123778327755617,0.08658907758646697,0.0944940023276157,0.09455228089372752,0.10531736129706981,0.8528137425409618,0.09747529798225918,0.07015287742499457,0.10808379176225613,0.07765871589784842,0.9748611253956796,0.09730766074919016,0.07203313028503056,0.10777369944678429,0.07974790035123967,0.9720642495763858,0.08976385434579588,0.090990803555234,0.09824363266784404,0.10120949563069172,0.8861078682010056,0.09962506656768218,0.06435656054264575,0.11087096299833143,0.07114540444363017,1.0,0.09398333706004841,0.07320904814085527,0.10401961441052526,0.08121898017831616,0.9382043016266641,0.0964750934516202,0.07179139744007257,0.10686939145172693,0.0795217177118704,0.9639078489228534,0.09499566121791328,0.08109324487348751,0.10461697207583158,0.08990943406797272,0.9435921655826696,0.09546960515685624,0.07669518707724593,0.105437061180709,0.08501098178138897,0.9509889544505515,0.09767061433279547,0.07528637509826802,0.10795819372732718,0.08332990299870952,0.9737282946568427,0.09689811866218095,0.08092303822262754,0.10672646130481239,0.08961255393492427,0.9626186913016944,0.0862709459738,0.08833463709233569,0.09457569169774593,0.09846923802579285,0.8530248961503948,0.09793970979279105,0.06356426672677212,0.10904749038665651,0.07034249542130656,0.9835531994819746
Proposed,binance_vision,ftx_k20_q99_minutes_spikein_compact_alpha_1.5_seed_8,crypto_spikein_compact,1.5,5610,20,2,119.98475000000019,1.168898547523746,1.168898547523746,4,0,"[0, 4, 6, 18]",610,False,8,0.6863354037267081,0.25,0.25,0.25,0,"[0, 13, 11, 19]",13,55.780977394550746,0.35306770516832453,0.49952,0.1464522948316755,0.558865308796337,0.5337592801024302,-0.025106028693906768,0.441134691203663,0.46624071989756977,0.025106028693906768,0.31132670052678835,0.3760603890780094,0.06473368855122108,0.6886732994732117,0.6239396109219907,-0.06473368855122097,0.6886732994732117,0.6239396109219907,-0.06473368855122097,1.2475386082695485,1.1576988910244208,-0.08983971724512774,0.02374097269735745,0.1860641973143245,0.13632396701003127,0.07289221088877884,19.59930583403589,0.0025,0.05,0.05,0.05,0.1,1,0.5,0.0,0.0,0.0,,0.0,0.5,2.0,1.0,0.0,0.15,0.006446983738856915,0.16322329090201393,0.006618016690273813,0.1896042882755579,1.0,0.09572588396807462,0.09050486483987003,0.10309110375434509,0.09952834905992569,0.9372404584655961,0.05553743452807576,0.11226968721877431,0.058972091119178026,0.12659340099332383,0.667671613045701,0.06435635061082026,0.10294901650431021,0.06875212389107277,0.11545636458034111,0.6250517238587292,0.0574769574477966,0.07541528745777275,0.06250026413160835,0.08493593654905442,0.5682136874634105,0.09222875484406065,0.08984936859874701,0.09936554634388366,0.0990304939122354,0.9033699981808637,0.08438136178267945,0.06965674263983668,0.0920922437481476,0.0771522202571582,0.8372456362220428,0.08358679361134244,0.09597751308400419,0.08970099104068385,0.10636083559823868,0.8155058477996499,0.09570265553807861,0.06520261267604034,0.10474485599657243,0.07170750366836759,0.9522753494818671,0.09789080210088671,0.07814938185508936,0.10625955661897175,0.08582954792754337,0.9660460693022553,0.09141801151237308,0.08418823197378296,0.0988516821286834,0.09283866697881074,0.8986982630349195,0.09791483305647333,0.05203152289199646,0.10805780278431684,0.05714124268556371,0.9823946095648384,0.09489222977159426,0.06263839598540104,0.10402564506322975,0.06892312270626519,0.9457367291707895,0.10047285633843062,0.06475478152456594,0.10999429529869076,0.07099960439187454,1.0,0.09849246786586344,0.06913000412177252,0.1075302575345867,0.07589351635976727,0.9775984949272783,0.09421975723381545,0.09478991127594649,0.10118843444240512,0.10434832060042648,0.9199425676361377,0.09762209436444166,0.060639472015950685,0.10715394871064998,0.06660961093891414,0.9741773281939051,0.0962340488945487,0.06178776687667881,0.10555568387307823,0.06792795012936821,0.9596468942906591,0.07950911463795626,0.09010221421461329,0.0856473219592151,0.10010005342372437,0.7786523994416148,0.09820954920297914,0.060929942312986755,0.10777864411132172,0.06689948020445402,0.9798566718269124
Proposed,binance_vision,ftx_k20_q99_minutes_spikein_compact_alpha_1.5_seed_9,crypto_spikein_compact,1.5,5556,20,2,119.95978333333345,1.1578880533156446,1.1578880533156446,4,0,"[0, 4, 6, 18]",556,False,9,0.6562962962962963,0.25,0.25,0.25,0,"[0, 9, 13, 19]",9,-91.53182585941288,0.35306770516832453,0.49952,0.1464522948316755,0.555341876750304,0.5258513639482212,-0.029490512802082813,0.44465812324969595,0.47414863605177887,0.029490512802082924,0.3333098856741308,0.380732295689034,0.047422410014903216,0.6666901143258692,0.619267704310966,-0.047422410014903216,0.6666901143258692,0.619267704310966,-0.047422410014903216,1.2220319910761732,1.1451190682591872,-0.07691292281698603,0.04742646419183552,0.23768034972567495,0.18851289459466844,0.07744101203109177,19.55923104799847,0.0025,0.05,0.05,0.05,0.1,1,0.5,0.0,0.0,0.0,,0.0,0.5,2.0,1.0,0.0,0.15,0.0062693415547944486,0.1511250047937657,0.006448561479660638,0.17328150108454887,1.0,0.09014536189740419,0.07954411811773011,0.09719474996546665,0.08658132428950814,0.8824472474130356,0.057746616899023856,0.09246956677918135,0.061747013097775555,0.10272633967422938,0.5928292346919729,0.052983437370229355,0.10324569596424361,0.056256362404514836,0.11503726811379053,0.6638750668350953,0.05658591035308519,0.07680183660474675,0.061118418598343896,0.08538077785460722,0.5549042543708272,0.09234260304079911,0.09471366796148559,0.09859255760476818,0.10294867012933373,0.8951381746920585,0.08616225832024185,0.08321663308298043,0.0926819058670542,0.09081111193911891,0.8414743877260344,0.07730398748112066,0.09438743587184353,0.08255329278376994,0.10358533040111204,0.7495150304703028,0.09696933301715274,0.06482469428229248,0.10554201994078079,0.07025457406934146,0.9582334952890432,0.10070158535404644,0.05712475679504267,0.11014227790998363,0.06176669852419684,1.0,0.08939054365921806,0.07287416303681153,0.09679467211701048,0.07936057213274576,0.8788148743039272,0.09640931492225233,0.07031276597349043,0.10456905962771751,0.0762251074046511,0.9493998273140768,0.09616271223377107,0.07621390645772946,0.10390483061336112,0.08263423777261157,0.9433691819800548,0.09870305656356629,0.06717948395916637,0.10727096517053589,0.0727259054621756,0.9739308756461856,0.09567959829795988,0.07225516273693625,0.10364672774878642,0.07837001931938985,0.9410258232855339,0.0951727637800808,0.06923520095272673,0.1032969392934135,0.07511703367753424,0.9378500359129612,0.0965172034713549,0.05705380380557125,0.10557145437670176,0.06184830005130587,0.9585007354122685,0.09663723083232778,0.0852627317195415,0.10381151020520757,0.09242148076904325,0.9425219105242219,0.08034839638564893,0.10569784208022842,0.08517566628853372,0.11576934710663497,0.7733239942444766,0.09824186110955752,0.06153039497468624,0.10715427584936593,0.06662766116687285,0.9728714339550911
Proposed,binance_vision,ftx_k20_q99_minutes_spikein_compact_alpha_1.5_seed_10,crypto_spikein_compact,1.5,5632,20,2,119.93623333333335,1.1739571611247865,1.1739571611247865,4,0,"[0, 4, 6, 18]",632,False,10,0.5748148148148148,0.25,0.25,0.25,0,"[19, 0, 11, 9]",19,41.966439550179416,0.35306770516832453,0.49952,0.1464522948316755,0.5427168136296834,0.5310629668504685,-0.011653846779214883,0.45728318637031656,0.46893703314953156,0.011653846779214994,0.3012212412360712,0.3665041965616989,0.06528295532562772,0.6987787587639288,0.6334958034383011,-0.06528295532562767,0.6987787587639288,0.6334958034383011,-0.06528295532562767,1.241495572393612,1.1645587702887696,-0.07693680210484244,0.03294639572209258,0.19638090026587887,0.1777357846865789,0.069751778827293,19.635308571814306,0.0025,0.05,0.05,0.05,0.1,1,0.5,0.0,0.0,0.0,,0.0,0.5,2.0,1.0,0.0,0.15,0.006442636226659627,0.14812063543509316,0.006677796355208912,0.17136472417177026,1.0,0.09297012883522424,0.08229359802031116,0.10060407419650871,0.09027393513791726,0.9185161598876004,0.06265402239134592,0.09848487549032736,0.06709408478498058,0.1100992858529529,0.6424851227992119,0.04944533207492885,0.10978886930891171,0.05256280829261306,0.12374342427428832,0.7221055842873009,0.05626499455894941,0.07940524639670192,0.0609962552095281,0.08912449133294485,0.556896393610708,0.08885763741860914,0.0944559851717851,0.09540459774068687,0.10388379059925383,0.8710448901028504,0.08414389036003753,0.08435273828704627,0.0909303772794441,0.09304704224276666,0.8301952144870903,0.08642491040004985,0.09456989179696418,0.09278603938366475,0.10416706505893,0.8471374272516391,0.09789999412441582,0.0518127401569114,0.108007907706686,0.05665820223272447,0.9861132306675746,0.09886596181385035,0.06526446928138818,0.10814739758652517,0.07132537727435931,0.9873867746049979,0.09135937951285236,0.09645382971954658,0.09796204549898697,0.10591776747778481,0.894394412603088,0.09893213980066794,0.049916855074843364,0.10927332104143427,0.05455168773578848,0.9976664665199638,0.09640884329748514,0.0684604666471742,0.10524542116809185,0.074935479414505,0.9608917021416579,0.09794604518370353,0.06166728114030974,0.10738845705024197,0.06743293687073915,0.9804576402479912,0.09528575581110552,0.07729697900559808,0.10343868664904084,0.08466696899352785,0.9443961986977953,0.0945301359945198,0.08434320961708561,0.10215486640858906,0.09242997410191739,0.9326749076202352,0.09749502882016418,0.0582138273807684,0.10712201164309149,0.06367632193811316,0.9780249911316392,0.09645644830457359,0.09384676283267293,0.10360312260709953,0.10271941379592854,0.9458975005680207,0.08382146786603427,0.09205562638016745,0.0901333096491296,0.10156087039173665,0.8229179793968181,0.09932878214810159,0.052616721433731556,0.10952891042093339,0.05748273177453635,1.0
Proposed,binance_vision,ftx_k20_q99_minutes_spikein_compact_alpha_1.5_seed_11,crypto_spikein_compact,1.5,5661,20,2,119.95988333333365,1.17976940346585,1.17976940346585,4,0,"[0, 4, 6, 18]",661,False,11,0.6162962962962963,0.25,0.25,0.25,0,"[16, 0, 11, 13]",16,68.42921230098648,0.35306770516832453,0.49952,0.1464522948316755,0.5875363527959967,0.5444236563615796,-0.043112696434417064,0.4124636472040033,0.4555763436384203,0.04311269643441701,0.3024716457843414,0.35919535345247133,0.05672370766812995,0.6975283542156586,0.6408046465475287,-0.05672370766812995,0.6975283542156586,0.6408046465475287,-0.05672370766812995,1.2850647070116552,1.1852283029091084,-0.0998364041025468,0.05434772966210212,0.2157402961318455,0.2619987969400597,0.0669289662229291,19.687122502331768,0.0025,0.05,0.05,0.05,0.1,1,0.5,0.0,0.0,0.0,,0.0,0.5,2.0,1.0,0.0,0.15,0.006368289034476741,0.13581548093388118,0.006502311003661937,0.15234930874611058,1.0,0.0878838704025685,0.08639725238342083,0.0927468649095395,0.09203814407470184,0.8744551120516546,0.05115647553376175,0.09977275655197188,0.05351294887366339,0.1088137226520384,0.7142383746117021,0.04647851902603637,0.1056458430365102,0.048433857679212,0.11556933084090688,0.7585812616550998,0.04770538324815307,0.08241183271604921,0.05047946248020853,0.09008012476787808,0.5912736034660727,0.08992012415261438,0.09271823796390576,0.09450600215238839,0.09863197461116069,0.8910409724611684,0.08409355043758923,0.07196270434012925,0.08959904177736286,0.076849628429031,0.8447761570546195,0.07974753715159495,0.09405795470838954,0.08373789944747863,0.10072301848767977,0.7895149266310514,0.09516727464922274,0.06423073628387516,0.101887569693489,0.06809141401175868,0.9606373893057241,0.09702301954984963,0.06630145079518127,0.10374225417788141,0.07020657602259715,0.9781241079155841,0.0912372426310798,0.082556439887104,0.09653315574644133,0.08774692864828976,0.9101537998862511,0.09766515504077744,0.05056989946942798,0.10549923839296244,0.053529575499014215,0.9946896687048378,0.09569009676353854,0.06697030759577823,0.10227778103791733,0.07097722634190347,0.9643164603476263,0.09827974826903144,0.06339159801472193,0.10528808113652625,0.06706758353249596,0.9926987923283962,0.09342054086858866,0.08897902701446411,0.0984300828435977,0.09443541105321963,0.9280387990063353,0.09422053347430856,0.08024532088264866,0.09983862837004903,0.08512648245611043,0.9413191383187661,0.09831950779371453,0.05265973417084286,0.106062465221269,0.055712114323699456,1.0,0.0963801482441568,0.07272336617157835,0.10262549495810619,0.07703393551766666,0.96759484841322,0.07590513901577534,0.09025387239249083,0.0799078292821326,0.09688853601991078,0.7534034695066513,0.09800419867518993,0.06129868429270174,0.10512953978171721,0.06486947292943131,0.9912040000427531
Proposed,binance_vision,ftx_k20_q99_minutes_spikein_compact_alpha_2_seed_7,crypto_spikein_compact,2.0,5729,20,2,119.96303333333321,1.1939094571077604,1.1939094571077604,4,0,"[0, 4, 6, 18]",729,False,7,0.6940993788819876,0.25,0.25,0.25,0,"[19, 0, 11, 16]",19,226.26895201082507,0.35306770516832453,0.49952,0.1464522948316755,0.5647320404436207,0.5419099725000427,-0.022822067943577995,0.4352679595563793,0.4580900274999573,0.022822067943577995,0.2491012917266675,0.3536697501913699,0.10456845846470242,0.7508987082733325,0.6463302498086301,-0.10456845846470242,0.7508987082733325,0.6463302498086301,-0.10456845846470242,1.3156307487169532,1.1882402223086728,-0.1273905264082804,0.017664813573337015,0.180018126670425,0.13365935373000598,0.06557989561469313,19.695652676930603,0.0025,0.05,0.05,0.05,0.1,1,0.5,0.0,0.0,0.0,,0.0,0.5,2.0,1.0,0.0,0.15,0.006501839491944615,0.16783926897590015,0.006718060261791645,0.19829838849418088,1.0,0.09457697846530819,0.08117208646379938,0.10340828581971097,0.09094855763125032,0.9297831789146103,0.07686732932743315,0.09184112411529438,0.0834770978465307,0.10403288820939707,0.7505742967022353,0.058507077382041084,0.11824671235286215,0.06246740828159348,0.13544770153485608,0.6830499358235119,0.06252385807784029,0.08246899029254046,0.06830524108140736,0.09423409919188958,0.6141583692812178,0.0915599734791803,0.09641417357742894,0.09913789854659821,0.10823025201247571,0.8913865047746504,0.08243971989998056,0.09288901723835474,0.08946623086408034,0.10486059127857887,0.8044248667204679,0.08855633422272859,0.08667369539951866,0.09648164649817301,0.0974769858983725,0.8675031335921018,0.09356754541536624,0.08867447015730512,0.10181074150776707,0.09941887629194252,0.9154190511559717,0.0984597106527334,0.05316755170880122,0.10956008662405727,0.05942898033571888,0.9850963567956064,0.09312783205283057,0.09217225219594821,0.1011139822594193,0.10336566823339888,0.9091542240801566,0.10004619029483308,0.05606894731195526,0.11112383003010005,0.06261016691463672,0.9991565677695329,0.09854770755833284,0.05625392661437119,0.10945293212064375,0.06287586714911433,0.9841328899512517,0.0992540995902983,0.05293261874501304,0.11046088685177136,0.0591372340456314,0.9931957938247749,0.09594142459925567,0.06109706746090108,0.10623016642978872,0.06839974001284595,0.9551557794113441,0.09664120133805354,0.0934796443374143,0.10484254839029317,0.10461110278399557,0.9426791785117719,0.09869233646317715,0.041736094447279624,0.1106031941826345,0.04664424121135568,0.9944753330940311,0.09592310170774407,0.0850328664977799,0.10462258303421526,0.0951962139783503,0.9407013864383033,0.07908047762272895,0.10246187774643503,0.08529404486520385,0.1159029600548713,0.7669111575403184,0.10024828461408715,0.057925549999466544,0.11121763456769077,0.0646739848006082,1.0
Proposed,binance_vision,ftx_k20_q99_minutes_spikein_compact_alpha_2_seed_8,crypto_spikein_compact,2.0,5831,20,2,119.98535000000004,1.2149399905905176,1.2149399905905176,4,0,"[0, 4, 6, 18]",831,False,8,0.7639751552795031,0.25,0.25,0.25,0,"[0, 11, 9, 8]",11,490.11946051595805,0.35306770516832453,0.49952,0.1464522948316755,0.5779818880765882,0.5408347014037118,-0.03714718667287642,0.4220181119234118,0.4591652985962883,0.037147186672876475,0.2159388719930781,0.3431117810758448,0.12717290908276668,0.7840611280069218,0.6568882189241553,-0.12717290908276657,0.7840611280069218,0.6568882189241553,-0.12717290908276657,1.36204301608351,1.197722920327867,-0.164320095755643,0.054357353747785934,0.31820245524051166,0.18918008690739788,0.07078415556330664,19.642060482129093,0.0025,0.05,0.05,0.05,0.1,1,0.5,0.0,0.0,0.0,,0.0,0.5,2.0,1.0,0.0,0.15,0.0062795952653444545,0.14452520704255684,0.0064939919495564675,0.16602025272843682,1.0,0.08936947899425657,0.08378307482495342,0.09618368358884331,0.09141528794602444,0.8919317383567608,0.06591968360919435,0.09163318160827394,0.07058656146196018,0.10147230496278742,0.6545641851119045,0.05012516107020076,0.10377394600767875,0.05325194851767086,0.11605499286344023,0.6990411769416716,0.05971742593972998,0.0782038989869728,0.06450152752904667,0.08693764993631128,0.5981363722934216,0.08849996240375499,0.10389511942659937,0.09401241624563808,0.11342817782029996,0.8717971148571992,0.08299654173464371,0.08559185458428581,0.08922006443186509,0.09377041124317684,0.8273566180433349,0.08068120340138057,0.08986080274367564,0.08649369678197417,0.09859401043769905,0.8020744314329554,0.09725219775991571,0.060749150250210084,0.1062204704074458,0.0659539281631608,0.9850049954894364,0.0991341105617532,0.06742624335759131,0.10781505143766712,0.07311699801566164,0.9997918842544348,0.09139725624592113,0.08723542648836857,0.09814643261086656,0.09506510848796829,0.9101327271508132,0.09809400980818192,0.0504623928604746,0.10783749411815541,0.05475511424163197,1.0,0.09705455630471768,0.06079104929668702,0.10600121862777472,0.0660081491446679,0.9829718271423414,0.09714043309019908,0.05958152791428484,0.10617470860381559,0.06468984655555991,0.9845806365593219,0.09464370013584225,0.08180886520253312,0.10199001759739766,0.08896648295119702,0.945775107548857,0.09584430786103354,0.06828310846282115,0.10418106949238953,0.07420316836036586,0.9660931974016421,0.09715681468801227,0.06934940290022845,0.10553646491392547,0.07529704626277417,0.978662067186866,0.09651303117567792,0.08126936319065162,0.10404210869829313,0.08827232260042414,0.9648045844267881,0.08002665391715336,0.09505184989369514,0.08550215635885544,0.10432793385887537,0.7928796663725551,0.09569987363106111,0.07319461326515223,0.10369873039535334,0.07954062718803136,0.9616203644507233
Proposed,binance_vision,ftx_k20_q99_minutes_spikein_compact_alpha_2_seed_9,crypto_spikein_compact,2.0,5759,20,2,119.96148333333349,1.2001768901101435,1.2001768901101435,4,0,"[0, 4, 6, 18]",759,False,9,0.7481481481481481,0.25,0.25,0.25,0,"[0, 11, 19, 13]",11,263.54423739265457,0.35306770516832453,0.49952,0.1464522948316755,0.5728119634964837,0.5368459553385436,-0.035966008157940044,0.42718803650351633,0.4631540446614564,0.035966008157940044,0.2724518595456729,0.35419552608817173,0.08174366654249882,0.7275481404543271,0.6458044739118283,-0.08174366654249887,0.7275481404543271,0.6458044739118283,-0.08174366654249887,1.3003601039508108,1.182650429250372,-0.11770967470043892,0.018815550079856934,0.1867682120342068,0.10718612969889939,0.07175087674193703,19.629056885763735,0.0025,0.05,0.05,0.05,0.1,1,0.5,0.0,0.0,0.0,,0.0,0.5,2.0,1.0,0.0,0.15,0.006340363263885206,0.14724486220619762,0.006593178171832369,0.17059767947988816,1.0,0.08858474564685061,0.09768413893203262,0.09515994553009476,0.10760770737725395,0.8710556374409533,0.061231964289023166,0.09728165289756503,0.06579592752694988,0.10900820031498235,0.6389782126422967,0.0566098825431581,0.10471925792457534,0.060535676269177066,0.11767642642734413,0.6897891389033639,0.06113095626622571,0.07736996985509306,0.06652889278976751,0.08669996712388857,0.6089785654501527,0.08993778487562688,0.09675528618151932,0.09667093482030237,0.10649384638472024,0.8848866220218765,0.08083355321011298,0.0896561585245104,0.08728416078407504,0.09924874608161695,0.7989638906027591,0.08199810171925045,0.09438607325509976,0.08827155434761245,0.10441294827495111,0.8080020917608312,0.0977532665511494,0.06994584994428132,0.1068880441173818,0.07660865590143301,0.9784099064457507,0.09818447351374071,0.07204321193840268,0.10721774511582881,0.07889040357711768,0.9814278559807926,0.09388749272737199,0.07453622435102739,0.10236320715267389,0.08183546702480209,0.936991379725771,0.09893568382215215,0.05446983951868224,0.10924669038324825,0.059610273672961366,1.0,0.09798916730437918,0.056570809950589954,0.10805468688589168,0.061945690088062916,0.9890888822977163,0.098655127670646,0.06597111466413864,0.10814979203499564,0.07221410249978107,0.9899594363508444,0.09399602400546428,0.0854976454551559,0.1017687270902676,0.0938621583973135,0.9315497497750531,0.09740429255007418,0.0678042421506115,0.10665306943305453,0.07427579230381601,0.9762590432616765,0.09673483259921187,0.0675550994720958,0.1059371980599293,0.07403507401144659,0.9697062463704033,0.09764540675195332,0.08076346863863262,0.10603788346903445,0.08846018679688152,0.9706278798656784,0.08172187979252646,0.09577174929511799,0.08789578556589636,0.10595914775757252,0.8045624563778473,0.09826458770421352,0.051441601684274564,0.10871089575311567,0.05632152180529567,0.995095552750816
Proposed,binance_vision,ftx_k20_q99_minutes_spikein_compact_alpha_2_seed_10,crypto_spikein_compact,2.0,5740,20,2,119.95941666666657,1.1962378943434353,1.1962378943434353,4,0,"[0, 4, 6, 18]",740,False,10,0.6977777777777778,0.25,0.25,0.25,0,"[16, 0, 19, 8]",16,275.1886968516338,0.35306770516832453,0.49952,0.1464522948316755,0.5637971107041467,0.53235617645622,-0.03144093424792671,0.4362028892958532,0.46764382354378,0.031440934247926766,0.2659011597672533,0.3580180766907226,0.0921169169234693,0.7340988402327467,0.6419819233092774,-0.09211691692346935,0.7340988402327467,0.6419819233092774,-0.09211691692346935,1.2978959509368935,1.1743380997654973,-0.12355785117139617,0.03311428255992315,0.225509506915215,0.17837039853294206,0.07173287126291727,19.612420314073166,0.0025,0.05,0.05,0.05,0.1,1,0.5,0.0,0.0,0.0,,0.0,0.5,2.0,1.0,0.0,0.15,0.006481242888310347,0.14703467912978402,0.00662529079785367,0.1676446988500464,1.0,0.08952247813861863,0.09090074877822717,0.09499319438906789,0.0984121640420999,0.8826255265884007,0.05813129259484075,0.10445133484375958,0.06113672520125238,0.1153494958606038,0.6880593102665344,0.04858133663886449,0.10723282504310985,0.05099987555601613,0.11913283936810887,0.7106269401018754,0.054303407927366404,0.07859376086386391,0.058083762860080566,0.08700565988634443,0.5396829963485708,0.09402025260377156,0.0749319291137909,0.10080622155431107,0.08088925660746202,0.9366370396846052,0.0863711236051148,0.07919556697665689,0.09234739429217173,0.08591114595014675,0.8580421791308341,0.07748943752300519,0.09883930451093897,0.08179824628205419,0.1078284186603988,0.7600251856254499,0.09823344677459547,0.06715844879255971,0.10585343577948823,0.07229996583148929,0.9835330319917566,0.095900386242107,0.07361623853100688,0.10290582580236571,0.07937249255025848,0.9561454299117659,0.09237940450644809,0.08337159173301892,0.09850448312497007,0.09009808730645255,0.9152505276683331,0.09719493385364192,0.06794885547489217,0.10467859207205372,0.07320307438413384,0.9726170179277766,0.09744458669169676,0.058455333264469195,0.10558674223684669,0.06296413297296542,0.9810550594377689,0.09594628377267024,0.05700693167285677,0.10406311103536998,0.06146218215239641,0.9668983001017059,0.09436577366904328,0.08389915567542547,0.10058885386219399,0.0905485365227877,0.9346173763292246,0.09520825861788433,0.06424026172284476,0.10278262005800337,0.06929469747325721,0.95500066858759,0.09791780376169816,0.035948168402479025,0.10762570481758404,0.038709404718272986,1.0,0.09592532775232872,0.0851278339794956,0.10217027233429178,0.09178341449448392,0.9493110638156681,0.0776179538636324,0.10160869346074702,0.0817813336678782,0.1108373192058334,0.7598680427365401,0.09836335529613009,0.0621677523892573,0.10633405111730969,0.06691875000362096,0.9879986504853687
Proposed,binance_vision,ftx_k20_q99_minutes_spikein_compact_alpha_2_seed_11,crypto_spikein_compact,2.0,5851,20,2,119.99183333333326,1.2190412958659693,1.2190412958659693,4,0,"[0, 4, 6, 18]",851,False,11,0.6381987577639752,0.25,0.25,0.25,0,"[0, 11, 19, 16]",11,372.1476725644782,0.35306770516832453,0.49952,0.1464522948316755,0.5744944839061756,0.5388530665711526,-0.03564141733502302,0.4255055160938244,0.46114693342884744,0.03564141733502302,0.24629208053988022,0.34617240600051535,0.09988032546063513,0.7537079194601198,0.6538275939994846,-0.09988032546063519,0.7537079194601198,0.6538275939994846,-0.09988032546063519,1.3282024033662956,1.1926806605706373,-0.13552174279565832,0.035020030994855456,0.18876971409362783,0.19066932089220054,0.06987136241545855,19.636097963625858,0.0025,0.05,0.05,0.05,0.1,1,0.5,0.0,0.0,0.0,,0.0,0.5,2.0,1.0,0.0,0.15,0.0064316877540267865,0.14927444389309508,0.006623113200791841,0.17168641256848127,1.0,0.08965187666496854,0.08964413771461334,0.09602918532328814,0.09793693270611614,0.8864512981161399,0.06253541907229597,0.10441195882539875,0.06634332668103124,0.11601974801326141,0.6757654626104097,0.048178500091192455,0.1076139663973056,0.051009312874885394,0.12065653879554347,0.7027727878431655,0.0573674067325639,0.08593435226336182,0.06159849617460057,0.09579929486796139,0.5686194953351819,0.0927591429033235,0.08459101951491957,0.09968668240161573,0.09222612190245279,0.9202138779196073,0.087130455578257,0.08126900196927819,0.09384507102207543,0.0889286213603115,0.8662896050743214,0.08569369309158731,0.09861674686449243,0.0912573366812586,0.10800354634089433,0.8424020706974106,0.0973898201861067,0.05521807018371429,0.10663303229606715,0.06002269821043266,0.9843360597373061,0.09692123546185333,0.06456362465279065,0.10549896571203268,0.07020747485864912,0.9738674215604528,0.09234110626017819,0.07804549192533952,0.09965683560325629,0.08511268441117083,0.9199383602937807,0.09939568160316056,0.06264847147752471,0.10832990546391723,0.0680219876988689,1.0,0.09668240433806649,0.062094823265358444,0.10541036219668126,0.06753365842011812,0.9730495170771803,0.09729248446891049,0.06698839028506676,0.10574424920571134,0.07282430156967595,0.9761316485310962,0.09331481909115644,0.07418296227421223,0.10095997009161434,0.08084766003418227,0.9319676746624903,0.09315126107980468,0.0855423856345375,0.10004496710668273,0.09324244879419068,0.9235212260016782,0.09794825492102364,0.05236878115623984,0.107449575531956,0.05690737961467043,0.9918736204172683,0.09696626465310998,0.0798921675754736,0.10451793862135525,0.08686778142803546,0.9648115003309804,0.07578237681778899,0.0987528537428142,0.080699276070465,0.10882974842736833,0.7449399657912975,0.09877025533931746,0.05334416127226621,0.1082780905792284,0.05794065281612952,0.9995216936222096
Proposed,binance_vision,ftx_k20_q99_minutes_spikein_compact_alpha_3_seed_7,crypto_spikein_compact,3.0,6125,20,2,119.98766666666664,1.276172828874079,1.276172828874079,4,0,"[0, 4, 6, 18]",1125,False,7,0.7779503105590062,0.25,0.25,0.25,0,"[19, 0, 8, 9]",19,865.2235956233216,0.35306770516832453,0.49952,0.1464522948316755,0.5384138249205662,0.5243619528345651,-0.014051872086001116,0.46158617507943384,0.4756380471654349,0.01405187208600106,0.17041119351778894,0.3321936412270887,0.16178244770929978,0.8295888064822111,0.6678063587729113,-0.16178244770929984,0.8295888064822111,0.6678063587729113,-0.16178244770929984,1.3680026314027773,1.1921683116074764,-0.17583431979530095,0.033891510681678526,0.21960753603304453,0.18830053123987042,0.07158863527511117,19.619323150228958,0.0025,0.05,0.05,0.05,0.1,1,0.5,0.0,0.0,0.0,,0.0,0.5,2.0,1.0,0.0,0.15,0.006534975574555941,0.1495322320038546,0.00667690316132306,0.17039086306099735,1.0,0.09503126539713322,0.08728290472187245,0.10120037068639506,0.09410538089713907,0.9340873793372627,0.05960485288965925,0.10067593008130502,0.06292134253994235,0.11102068372823974,0.6515647713369233,0.05112095908674409,0.11047893623438902,0.05361850981416582,0.12247979641578303,0.718816691314822,0.045143609800881335,0.09150518030905867,0.04794178479924344,0.10182207894439925,0.5975794541750076,0.09080506795183854,0.08682254137019588,0.09672497863191819,0.09386549465098788,0.8927791587515144,0.07833621177037792,0.0853757242171336,0.08352294718156832,0.09303936494365525,0.7709233703216477,0.08619815375565748,0.09496918168903418,0.09132914031304828,0.1029768180500671,0.8429751467660291,0.09791398471254723,0.05883032965088429,0.10619395517897315,0.0633128138316504,0.9801785568748024,0.09810622970427418,0.06963931077299206,0.10567021559408053,0.0749355439463028,0.975344399321926,0.09359672453515061,0.08034301438182162,0.10012367124038127,0.0867024779972769,0.9241493587841808,0.09728246727226585,0.056532535848402926,0.10566697028742669,0.060863940614955696,0.975314444886316,0.09611197258098593,0.0596512612673621,0.1041928554820117,0.06427081455569403,0.9617082493151622,0.0982379883753833,0.07190093378943277,0.10565980145156323,0.07736260061484446,0.975248275967574,0.09512188069501745,0.07255917385644753,0.10226360936821771,0.07822849528189911,0.9439011559783718,0.09595950680823281,0.07907613921040789,0.10273761021590683,0.08521182950614511,0.948276221075649,0.09747792877821636,0.06994876146372067,0.10497506389801857,0.07529846452492972,0.968928094503947,0.09764900128260962,0.06614309572233527,0.10541846798138357,0.07119414185314768,0.9730207490605329,0.0717030561076332,0.09416889479423166,0.07601250741780316,0.10305210127595016,0.7016014207178713,0.09859102703890876,0.038169421121737976,0.1083414388471847,0.04105843939649097,1.0
Proposed,binance_vision,ftx_k20_q99_minutes_spikein_compact_alpha_3_seed_8,crypto_spikein_compact,3.0,6084,20,2,119.97626666666656,1.2677507329227349,1.2677507329227349,4,0,"[0, 4, 6, 18]",1084,False,8,0.7348148148148148,0.25,0.25,0.25,0,"[0, 13, 12, 14]",13,877.2412756933935,0.35306770516832453,0.49952,0.1464522948316755,0.562460777032518,0.5286154610727511,-0.03384531595976681,0.43753922296748204,0.4713845389272489,0.033845315959766864,0.14295045436819417,0.33154655807852584,0.18859610371033167,0.8570495456318058,0.6684534419214742,-0.18859610371033164,0.8570495456318058,0.6684534419214742,-0.18859610371033164,1.4195103226643238,1.1970689029942254,-0.22244141967009834,0.03977410930607005,0.3168070105319552,0.1431658673114576,0.07986059152732006,19.54075630916083,0.0025,0.05,0.05,0.05,0.1,1,0.5,0.0,0.0,0.0,,0.0,0.5,2.0,1.0,0.0,0.15,0.006596735037038836,0.14937949036998777,0.006684619238513641,0.16930796066885084,1.0,0.09090607926496158,0.08697846711909285,0.09604912928146063,0.09349569869600051,0.8950752121588883,0.06061486680644429,0.10268894555099019,0.06338384858103245,0.11254203391668545,0.6647179109126843,0.054655843866267956,0.10399186876923827,0.05710309627066509,0.1144017590345528,0.6757021854294909,0.04804074171043526,0.08267382712309211,0.050902063619776006,0.09132748082543429,0.5394163420588448,0.08925652479292254,0.09749273958694266,0.09365441061902591,0.10491501873256444,0.8727589940851308,0.07964010625277415,0.08340277361782267,0.08434282502751414,0.09030680740601271,0.785984970091279,0.08208318016427732,0.09785151747617245,0.08610935586277256,0.10578867023679642,0.8024471491238518,0.09577504877030843,0.07386794052049461,0.10206439549529972,0.07915694170286705,0.9511310631886952,0.09708798051090899,0.0534649087841092,0.10483490538171171,0.057245857632897565,0.9769492537638717,0.09157899493184199,0.07894677818726589,0.09726931481097391,0.08483045451075165,0.9064460369635762,0.09712731683951845,0.06898811733754734,0.10383246004216143,0.073861259245248,0.9676075347739334,0.09784025361453373,0.053595782170640774,0.10563973043855106,0.057356931226414824,0.9844493629672595,0.09917675631814374,0.050288288798838496,0.10730844511914667,0.05376945747346934,1.0,0.09828831632965937,0.06077769976877875,0.10563498063068903,0.06502398082316135,0.9844050998353433,0.09491922502029344,0.08089177407435724,0.10068930493978559,0.08673541928453635,0.9383166891290642,0.09740157952775598,0.050630263449574636,0.1053660136856536,0.05419937480233564,0.9818986154227065,0.09714294380120078,0.0779017657360671,0.10325209573774384,0.08340416443828325,0.9621991598433937,0.06613288571766629,0.10596969052108415,0.06900301955185066,0.11573164109924991,0.6835569966235033,0.09749530525137196,0.05150744684661089,0.10540816211563447,0.055131264693849734,0.9822913937351131
Proposed,binance_vision,ftx_k20_q99_minutes_spikein_compact_alpha_3_seed_9,crypto_spikein_compact,3.0,6158,20,2,119.99225000000013,1.2829995270527874,1.2829995270527874,4,0,"[0, 4, 6, 18]",1158,False,9,0.6088888888888889,0.25,0.25,0.25,0,"[0, 9, 13, 11]",9,1050.0827069098173,0.35306770516832453,0.49952,0.1464522948316755,0.5490572997734486,0.5174790226080126,-0.03157827716543604,0.45094270022655136,0.4825209773919874,0.03157827716543604,0.13373987883542782,0.3314261358186449,0.19768625698321707,0.8662601211645722,0.6685738641813551,-0.19768625698321707,0.8662601211645722,0.6685738641813551,-0.19768625698321707,1.4153174209380208,1.1860528867893678,-0.229264534148653,0.04647633374822568,0.28322728354577753,0.16373458392169526,0.07316043187652688,19.592959840020335,0.0025,0.05,0.05,0.05,0.1,1,0.5,0.0,0.0,0.0,,0.0,0.5,2.0,1.0,0.0,0.15,0.006578803046737835,0.15142128486141715,0.006712999999379541,0.17236455315102012,1.0,0.09150568021408512,0.08619900104520672,0.09750907367613615,0.09304680939844213,0.9143606749323457,0.07215805936526978,0.09776491148558344,0.07631556279930304,0.1068422583199957,0.7156251913619616,0.04276530330535117,0.11467043228440346,0.04472703260061216,0.1276518157913774,0.7405920385471201,0.05153896632087562,0.07840215930520064,0.05519860537262595,0.08680017946450902,0.517607563696819,0.08894696703764515,0.09397078028170379,0.09430284609810881,0.10160238405073553,0.8842952840747844,0.07724674279908186,0.08752365647783905,0.08224434922963783,0.09534460389974017,0.7712205216998947,0.08484342464887398,0.0903998557962688,0.09016249102371915,0.09800600682386422,0.8454704063731208,0.0959699680452125,0.06318321535929507,0.10379711614013096,0.06800862332410293,0.9733248157514647,0.09798931497442744,0.05347341947501612,0.10664180596278479,0.0574868891034166,1.0,0.09217860720763758,0.07986723197668717,0.09863116680680777,0.08617608337296959,0.9248827504030406,0.09764340137244716,0.05030438169086343,0.10648209487105774,0.05408447847181167,0.9985023594613281,0.09595737541705116,0.06443107979541313,0.10370064099067892,0.06934704009554363,0.972420150375808,0.09810318087178838,0.05696379181889798,0.10653052301383213,0.06122985423080315,0.9989564791411026,0.09588439281929506,0.06870007603015882,0.10333952658251608,0.07394887025093182,0.9690339135721209,0.0939584033148804,0.08176785440934534,0.10041244640251946,0.08812212410535711,0.9415861396567196,0.09741650133263648,0.07523010341859274,0.10455051307659083,0.08089684783114962,0.9803895586040265,0.09707085161870449,0.07578573330154863,0.10413968646717343,0.08151331676192625,0.9765371612659624,0.07332211635155149,0.08975684393016262,0.07795168732902212,0.09802084105074597,0.7309674346308916,0.09773066059560531,0.06373616990053461,0.10566674668427595,0.06852333562847016,0.990856688240547
Proposed,binance_vision,ftx_k20_q99_minutes_spikein_compact_alpha_3_seed_10,crypto_spikein_compact,3.0,6156,20,2,119.97741666666649,1.2827414048060455,1.2827414048060455,4,0,"[0, 4, 6, 18]",1156,False,10,0.6909937888198758,0.25,0.25,0.25,0,"[19, 0, 9, 12]",19,1056.0267471915015,0.35306770516832453,0.49952,0.1464522948316755,0.582118272901434,0.5315006128657348,-0.05061766003569923,0.41788172709856597,0.4684993871342653,0.05061766003569934,0.13262793623538244,0.31238755708770494,0.1797596208523225,0.8673720637646175,0.6876124429122952,-0.17975962085232233,0.8673720637646175,0.6876124429122952,-0.17975962085232233,1.4494903366660514,1.2191130557780299,-0.23037728088802156,0.04366333731755535,0.28105087492098607,0.16184884220175327,0.08440076055762025,19.484240580999856,0.0025,0.05,0.05,0.05,0.1,1,0.5,0.0,0.0,0.0,,0.0,0.5,2.0,1.0,0.0,0.15,0.006548945720985768,0.1477953546722522,0.006713277177866452,0.16901879474450907,1.0,0.09108012347610711,0.09222024179196527,0.09687252700532871,0.10006184529517331,0.899661625282322,0.06105841194785709,0.08917635176293705,0.06506930855462509,0.09860982170833077,0.6043030124219919,0.061934849042945786,0.10019758159542438,0.06553087373179921,0.11073784378959435,0.6551806499211349,0.04962497397808924,0.08573319699384352,0.05300289478286804,0.09548548293978851,0.5649400298003874,0.088707203336307,0.09356719304421457,0.09426552358810013,0.10167613214383106,0.8754502105090559,0.07306799484789428,0.1044967938579294,0.07709086085952517,0.11468469924808575,0.7159479712083765,0.08426337671945855,0.09163174681062777,0.08965659645212179,0.09985379469941742,0.8326467965160051,0.0959059816856882,0.05781495535734235,0.10429298617754433,0.06253560473333822,0.9685759249872259,0.09875811342239882,0.05982565396799724,0.10725267846098951,0.0645932225921697,0.9960627848057312,0.09250340834258529,0.07808525793512,0.09929050361390855,0.08465018040550615,0.9221175354646786,0.09868140534099748,0.06279832495209517,0.10696740969563395,0.06780778586143801,0.993413474737997,0.09916129709066576,0.06625684172723777,0.10724794961274756,0.07151890112970495,0.9960188676764212,0.09761221397260299,0.05398373630682886,0.1064065075272083,0.05832814418823854,0.9882043388553082,0.0974641935565189,0.07732190512087046,0.10466783166895735,0.08355281722707027,0.9720571400897888,0.095016751844443,0.07693906898293223,0.10206299342275371,0.08327039458361224,0.9478658334043731,0.09774794774536466,0.05564266456412344,0.10643710164123384,0.06011666098225019,0.988488468434655,0.09685946121494907,0.07431639572590082,0.1042204756186867,0.08033685858110458,0.9679025145864795,0.07173047736986268,0.1062731656533707,0.07559066697775632,0.11672861812018995,0.7020155704789466,0.09868702988639132,0.052560312017682895,0.1076766245030505,0.05674798809935226,1.0
Proposed,binance_vision,ftx_k20_q99_minutes_spikein_compact_alpha_3_seed_11,crypto_spikein_compact,3.0,6239,20,2,119.98933333333355,1.2999072139745733,1.2999072139745733,4,0,"[0, 4, 6, 18]",1239,False,11,0.5140740740740741,0.25,0.25,0.25,0,"[0, 8, 19, 11]",8,1257.0694487584838,0.35306770516832453,0.49952,0.1464522948316755,0.5736332768538932,0.5272484592595458,-0.04638481759434743,0.4263667231461068,0.4727515407404543,0.04638481759434748,0.09814318176837065,0.3186893040472727,0.22054612227890202,0.9018568182316293,0.6813106959527273,-0.22054612227890202,0.9018568182316293,0.6813106959527273,-0.22054612227890202,1.4754900950855225,1.208559155212273,-0.26693093987324956,0.0297217180998011,0.2815686491799374,0.10388917608130363,0.07317042916621852,19.628435598441758,0.0025,0.05,0.05,0.05,0.1,1,0.5,0.0,0.0,0.0,,0.0,0.5,2.0,1.0,0.0,0.15,0.006507105779122549,0.13976698972299623,0.0066849418124732395,0.15855145473647314,1.0,0.08710018931080529,0.0922693215220549,0.09235190232874659,0.09952084970675018,0.8542040995009582,0.05612012533039662,0.09972135910156721,0.059213346588224185,0.109686625466053,0.691804598376988,0.054485565891340154,0.1005097369860499,0.057463874629725104,0.11067491362429709,0.6980378313667875,0.05167272602075915,0.08878881326866192,0.05491526993801452,0.09793892143901063,0.6177106454292329,0.09488399373812562,0.07799300269175835,0.1015484589738896,0.08369409482625681,0.9392671700981371,0.07500086213517654,0.08787269467357366,0.07976057593374829,0.09551506801045036,0.7377412833212176,0.08353442881908882,0.09017227065838213,0.08869311567448274,0.09747568655958039,0.8203623433436652,0.09870511962428948,0.04159855806836809,0.10811456229570927,0.044527543940430375,1.0,0.09796780956560192,0.0633614487700117,0.10583571622805998,0.06786029903158851,0.978921932260926,0.09020716693111269,0.09235009114503305,0.09564602557714132,0.09940024398197388,0.884672920522356,0.09889051946085178,0.0754362423384452,0.10601024620788907,0.08074978909945624,0.9805362381982865,0.09783174579392362,0.06341848866066893,0.10569130414589378,0.06792777051035404,0.9775862002457401,0.09692709106180972,0.06108543275414505,0.10486964162718646,0.06546415878037898,0.9699862756725826,0.09273812005246768,0.08332573027287449,0.09891199216622447,0.08953773639147738,0.9148813079933263,0.09629564081969288,0.07463210674179849,0.10328174563202613,0.08001657870280997,0.9552991145590113,0.09744357041582735,0.06922730219665235,0.10487827244092794,0.0741652163656346,0.9700661059337261,0.09665253903664611,0.06638693342545157,0.10421264765878513,0.07115626622905885,0.9639094442592124,0.07212461818900029,0.09656815704042174,0.07626217964702763,0.10515198034977126,0.7053830494955834,0.09798274582818939,0.057495637790353674,0.10624863960319651,0.061579261357566216,0.9827412454632227
Proposed,binance_vision,ftx_k20_q99_minutes_spikein_compact_alpha_4_seed_7,crypto_spikein_compact,4.0,6624,20,2,119.97786666666673,1.3802545802892527,1.3802545802892527,4,0,"[0, 4, 6, 18]",1624,False,7,0.6164596273291926,0.25,0.25,0.25,0,"[19, 0, 17, 16]",19,2042.296465601114,0.35306770516832453,0.49952,0.1464522948316755,0.5863486286334638,0.5337940625844251,-0.05255456604903874,0.4136513713665362,0.4662059374155749,0.05255456604903874,0.03956468261464244,0.29174746288244635,0.25218278026780394,0.9604353173853576,0.7082525371175536,-0.25218278026780394,0.9604353173853576,0.7082525371175536,-0.25218278026780394,1.5467839460188215,1.2420465997019787,-0.3047373463168428,0.045579611221447484,0.23331173655323342,0.20198024992532837,0.07907385835272929,19.5515811567511,0.0025,0.05,0.05,0.05,0.1,1,0.5,0.0,0.0,0.0,,0.0,0.5,2.0,1.0,0.0,0.15,0.006725219681414863,0.1552795498914441,0.006833378462801961,0.17768934017539903,1.0,0.09153342125207048,0.09280493646307753,0.09697388795263431,0.10074420211335484,0.8828366242104048,0.07404528003437219,0.09923621544883937,0.0781168263975277,0.1089317890616911,0.7111645904566433,0.05468477353257105,0.11408756237163603,0.05712917853742492,0.1267641668834467,0.7134033294192912,0.044995113508137834,0.08930280029181178,0.04777827573396945,0.09982336066370066,0.561785870582692,0.09118545784853041,0.0942231238066826,0.09651157805622218,0.10230871071534528,0.8786278199961517,0.07121278387044981,0.09032476320681657,0.0755660027800501,0.09932645554090287,0.68794225134088,0.08661175564567528,0.0898918324765257,0.09192860626932176,0.09789118244069711,0.8369050900260496,0.09798401343343802,0.07759322541490443,0.10483353044682614,0.08388615242986815,0.9543897030192293,0.09861655455002716,0.07370105322333782,0.10577917648757783,0.07964550230205311,0.9629987314488507,0.09288222996793054,0.08956032865199545,0.09861210700788325,0.09713785358314547,0.897750739865534,0.09829133718427968,0.053920870234139384,0.10677792194968438,0.05828182962710617,0.9720911695353002,0.09625397870489154,0.06221552953962853,0.10401647801236028,0.0673360156436835,0.9469513726781889,0.09786111013598102,0.05643442451383546,0.10614120422304857,0.06101575963378726,0.966294580987333,0.09755026399908959,0.07429544931799917,0.10459524775159752,0.0803436242987613,0.9522204109066336,0.09686071051263595,0.06891579766051968,0.10422380683424408,0.07456162381591477,0.9488388650854523,0.09799339089904154,0.048980790614132345,0.10679231487376602,0.05295226026693343,0.9722222006899441,0.09924059858018908,0.045750980227490634,0.10837501480122343,0.04942112759608514,0.9866308780214854,0.06270601166279882,0.1012280588614678,0.06606417935549236,0.11191038643088597,0.6298092295261947,0.10044503296528648,0.04347094250837497,0.1098435263029173,0.046920899013811676,1.0
Proposed,binance_vision,ftx_k20_q99_minutes_spikein_compact_alpha_4_seed_8,crypto_spikein_compact,4.0,6540,20,2,119.9815833333332,1.3627091379996528,1.3627091379996528,4,0,"[0, 4, 6, 18]",1540,False,8,0.5139751552795031,0.25,0.25,0.25,0,"[0, 13, 12, 19]",13,1824.6176075041185,0.35306770516832453,0.49952,0.1464522948316755,0.5904541702158923,0.538721080939109,-0.05173308927678333,0.40954582978410775,0.46127891906089113,0.051733089276783384,0.044073360474778236,0.29649669188272065,0.25242333140794243,0.9559266395252217,0.7035033081172793,-0.2524233314079424,0.9559266395252217,0.7035033081172793,-0.2524233314079424,1.546380809741114,1.2422243890563882,-0.3041564206847258,0.03189573068180023,0.19470046099881894,0.15181141788344546,0.0732960899949302,19.583405509705972,0.0025,0.05,0.05,0.05,0.1,1,0.5,0.0,0.0,0.0,,0.0,0.5,2.0,1.0,0.0,0.15,0.006273158163699723,0.1479152591817486,0.00656916812285931,0.1721227218670787,1.0,0.09313266569605205,0.0961787012802407,0.10086716829903225,0.10612443848834864,0.925174137975446,0.069291723703059,0.09310578299895775,0.07519311803157518,0.10427484119509593,0.6896865385405686,0.06381536832504944,0.10328334334590564,0.06880010569187849,0.11606774187355706,0.6743313178790541,0.05548779995606842,0.08847117360060032,0.060392275552433164,0.09993141744705791,0.5805823679934,0.0932691163103542,0.0829897041928401,0.10186565902892639,0.09156890627453523,0.9343324975872439,0.07734262164750852,0.0873450079306644,0.0842387116419,0.09733705054791107,0.7726545588789443,0.08756362536007038,0.08969700923193313,0.0952299634104285,0.09932522994118267,0.8734685507030512,0.09755681151125388,0.07360712441677333,0.10718537204101951,0.08099662157630064,0.9831259849353688,0.09761861596992868,0.07348124208873455,0.10725952468573148,0.08085701297628657,0.9838061280414647,0.09154997952546036,0.09538567254165246,0.09920226638835686,0.10536051267147536,0.9099033197697013,0.09819765427933749,0.0700649475068163,0.10812866531783749,0.07706586563742708,0.9917780623055877,0.0977515612974231,0.061255307861786575,0.10823562457076688,0.06739685083703731,0.9927591142801417,0.09876776453647404,0.06613353584506114,0.1090250625895784,0.07271602741628425,1.0,0.09660778707870898,0.07137643844710868,0.10629234894737224,0.07858948496083062,0.9749349958871991,0.09677388633024586,0.07186599938433297,0.1064407609472238,0.0791231651401261,0.976296260869089,0.09754408475869093,0.060270775160640236,0.1080723579075202,0.06632326401320915,0.9912615993109343,0.09825749144579904,0.07203347176733971,0.10806448354007527,0.07922852401863231,0.9911893740146775,0.07078877221189654,0.09708274408296591,0.07662222748806238,0.10862757048719157,0.7027946205039521,0.09748758226410575,0.05713408524279308,0.1082217922458705,0.06286940907888022,0.9926322413890117
Proposed,binance_vision,ftx_k20_q99_minutes_spikein_compact_alpha_4_seed_9,crypto_spikein_compact,4.0,6631,20,2,119.97716666666692,1.3817212441811815,1.3817212441811815,4,0,"[0, 4, 6, 18]",1631,False,9,0.5155555555555555,0.25,0.25,0.25,0,"[16, 0, 9, 8]",16,2027.3957283838115,0.35306770516832453,0.49952,0.1464522948316755,0.5715114505043404,0.5358816930235388,-0.03562975748080155,0.4284885494956597,0.4641183069764613,0.035629757480801605,0.03774960174963364,0.29393470458654203,0.2561851028369084,0.9622503982503664,0.706065295413458,-0.25618510283690843,0.9622503982503664,0.706065295413458,-0.25618510283690843,1.5337618487547067,1.2419469884369967,-0.29181486031771,0.019693694214975903,0.19358980819398233,0.1252950309672683,0.08138140903192226,19.52909010949333,0.0025,0.05,0.05,0.05,0.1,1,0.5,0.0,0.0,0.0,,0.0,0.5,2.0,1.0,0.0,0.15,0.006667674840131041,0.1625472091673073,0.0068168270596592985,0.1890876899337781,1.0,0.08879019865937171,0.09666122004841174,0.09483109385460219,0.10694148796785663,0.8636543113679959,0.07027134272659391,0.10622262772859987,0.07458890205046352,0.11888298655373034,0.6793027921290996,0.06778750012753754,0.10782802170619268,0.07187479303346596,0.12086352623065104,0.6545846131144543,0.060404013446445914,0.08169522835367406,0.06514003987081395,0.09198904743351319,0.5932492602412534,0.09171613103067247,0.09724804078705257,0.0979184194934736,0.1073935183960572,0.8917714825428473,0.07114508483659357,0.09271855353947306,0.07618074826235327,0.10371673080418807,0.6938001978644093,0.08744543946728538,0.0831051005824806,0.09421612605612596,0.09202777356892478,0.8580536210361854,0.09935439259690698,0.051452677848036546,0.10922722232774623,0.0565493074062257,0.9947640341125367,0.10039368565902462,0.05972085952680026,0.10979516823621883,0.06559862151592458,0.9999364824365878,0.09451021653310296,0.08756103301504752,0.10153696258332272,0.09652760820714956,0.9247266053131347,0.09881334530047461,0.047554374694976684,0.10890322712344856,0.05227939827310806,0.9918133156964519,0.0964101154993196,0.06551639170816104,0.10505070227038532,0.07213436421187326,0.9567272530585806,0.09722407274736244,0.07910520447889155,0.10502515131105467,0.08705754755192045,0.9564945530517733,0.09452289621338324,0.08498308612789073,0.10172065262505771,0.09368337814323358,0.9263995238681292,0.09729898741821191,0.06066324618638223,0.10634812825399248,0.06675531958732543,0.9685432882731613,0.09945006542674015,0.04466960559343304,0.10980214260077427,0.04908955126930228,1.0,0.09720737223732062,0.06978367332797836,0.10563172343815057,0.07679768106584606,0.9620187815661596,0.06714736881900205,0.1032019862577872,0.07141144245671728,0.11572882443548158,0.6503647448516522,0.09835997835031582,0.0552796948164271,0.10787630042067614,0.06079141077241263,0.9824607959873768
Proposed,binance_vision,ftx_k20_q99_minutes_spikein_compact_alpha_4_seed_10,crypto_spikein_compact,4.0,6645,20,2,119.98606666666649,1.3845357599854669,1.3845357599854669,4,0,"[0, 4, 6, 18]",1645,False,10,0.717037037037037,0.25,0.25,0.25,0,"[16, 0, 11, 13]",16,2137.491959061485,0.35306770516832453,0.49952,0.1464522948316755,0.5962447335365209,0.5332453238075685,-0.06299940972895235,0.40375526646347915,0.4667546761924315,0.06299940972895235,0.03748218106655003,0.2908998868093327,0.25341770574278266,0.96251781893345,0.7091001131906673,-0.25341770574278266,0.96251781893345,0.7091001131906673,-0.25341770574278266,1.5587625524699709,1.2423454369982359,-0.316417115471735,0.04045771250878345,0.2936923760774025,0.1278601210930118,0.07197393120943674,19.59476356305416,0.0025,0.05,0.05,0.05,0.1,1,0.5,0.0,0.0,0.0,,0.0,0.5,2.0,1.0,0.0,0.15,0.006632056162848923,0.14213466375476494,0.006800245465621391,0.1607989669654098,1.0,0.0941454294226532,0.08767057743005885,0.10008521587678627,0.09386706534097752,0.9382821077229293,0.058104914012667055,0.1017638211381136,0.061202302459008345,0.1114928499636759,0.6933679492335273,0.05811046207462495,0.1041533164760116,0.061112470681204435,0.11411230696357126,0.7096582093597559,0.04261585307049193,0.09456248440358053,0.04509996826783097,0.10462238703026112,0.6506409152041812,0.09187450742544209,0.08608869939655875,0.09777136942976809,0.09230792450274282,0.9165901854721128,0.06690502708440305,0.09834928734294977,0.07062896425356063,0.10715535009884893,0.6663932742919897,0.08993881566786817,0.08145005572516345,0.0960008874722046,0.08744222055864853,0.8999922141506222,0.09707875666239398,0.06045859328368238,0.10503507329670116,0.06460682625165336,0.9846861906056933,0.09696817828923437,0.06601381539308501,0.1045380245872478,0.07054934973477665,0.9800264423435623,0.09416034845655,0.07771652032079865,0.10074858010916722,0.08321097731104934,0.9445010361100415,0.09843683496135991,0.06063450239598415,0.10648991493073681,0.06474009871276934,0.9983250868485365,0.096210124765372,0.06683981874431992,0.10366536694888004,0.0714675846623571,0.9718454233881131,0.09761336490074604,0.055954770142786256,0.10591725386075725,0.0597736272645818,0.992956485391826,0.0941942766890756,0.07443575428945001,0.10099990527903267,0.07969265383157861,0.9468571674131451,0.09644403944031721,0.06504048364329172,0.10403867072321851,0.06953306086102976,0.9753450836440137,0.09820208596162877,0.0542319207450582,0.10666857553074113,0.05791225056874709,1.0,0.0968717415259154,0.0833963097702261,0.10326979671705869,0.08913178799257401,0.9681370188289151,0.06666594393273406,0.09827994328337633,0.07037886645589199,0.10709232454038695,0.6660013217835166,0.09760066042495597,0.06218399196997437,0.10548304372312198,0.0664248829129001,0.9888858381981721
Proposed,binance_vision,ftx_k20_q99_minutes_spikein_compact_alpha_4_seed_11,crypto_spikein_compact,4.0,6672,20,2,119.96633333333305,1.3903900816618031,1.3903900816618031,4,0,"[0, 4, 6, 18]",1672,False,11,0.6518518518518519,0.25,0.25,0.25,0,"[0, 9, 19, 13]",9,2260.2379604100065,0.35306770516832453,0.49952,0.1464522948316755,0.5609922267936525,0.5110140188392247,-0.049978207954427756,0.4390077732063476,0.4889859811607754,0.04997820795442781,0.03786424679545187,0.2943428290636324,0.25647858226818054,0.962135753204548,0.7056571709363676,-0.25647858226818043,0.962135753204548,0.7056571709363676,-0.25647858226818043,1.5231279799982005,1.2166711897755924,-0.3064567902226081,0.05575473365401152,0.33671553974424984,0.16363594583042987,0.07282524342339758,19.61523741477379,0.0025,0.05,0.05,0.05,0.1,1,0.5,0.0,0.0,0.0,,0.0,0.5,2.0,1.0,0.0,0.15,0.006350679009371462,0.13897228145876295,0.006586474702699097,0.15896202486600602,1.0,0.09041977642806426,0.08770773084643645,0.0969932991183756,0.09521740735354497,0.9025081993292303,0.06950045246795938,0.09323132815512836,0.07428673710642442,0.1025530750582532,0.6912270223754179,0.0639643465870796,0.09399088881362233,0.06834093701366782,0.10375611814291064,0.6527100936866517,0.04888778350326359,0.09593172989661708,0.05216550031634079,0.10689824375107956,0.6724766109464658,0.09039890962104052,0.09836018562865101,0.09630720195687723,0.1067735766684174,0.8961241674485012,0.07127691478214648,0.08892403379721958,0.07640711545147595,0.09771755948837776,0.7109568270060824,0.0848705837866038,0.08479081299809914,0.09121312577518528,0.09237104939307736,0.848724547435847,0.09728088110141866,0.0620498742741435,0.10607509757889304,0.06705906264310497,0.9870129811004871,0.09814837020756144,0.05553415182840069,0.10747082319081841,0.05998856939187114,1.0,0.09307535254764626,0.0834779937476533,0.10011930078674905,0.09046373968234299,0.9315951791769896,0.09829628371519247,0.07499972162644493,0.10631216476329017,0.08101360668068107,0.9892188559357082,0.09741454147248153,0.062253752118134005,0.10621940155307856,0.06727925559183473,0.9883557080835056,0.09828934444768797,0.060464207623598054,0.10729394630411775,0.06530545980913559,0.9983541869183731,0.09687157051706435,0.0755508329526447,0.10473762937031733,0.08167163950929558,0.9745680386606121,0.09475180454930113,0.07693342261967039,0.102350384497192,0.083284191662505,0.9523550807409851,0.09807686565828261,0.06235259286920372,0.10693382714325328,0.06735453131561221,0.9950033317730183,0.09712156690448218,0.08183145215718757,0.10457667232357767,0.08844721591047051,0.9730703573182643,0.06352531395762887,0.10345627014646966,0.0674539066637251,0.11423444857165524,0.7186272864097382,0.09801314837561276,0.05450531072376216,0.10739134485803263,0.05888411498391525,0.9992604659532135
